s24:5d03d1de7a7ccf2bc664caa765f016d3 	 insult 	 Jobbari on muuten yksityinen kauppias ilman y tunnusta eli kusettaja eli taas ja taas YKSITYINEN. 	 0.8633341789245605
s24:8e80d016d55a5e87afff0c9fb7c1cb60 	 insult 	 no eik√∂s siell√§ ollut joku ruskean rei√§n ritari,suomeksi homo 	 0.17865720391273499
s24:165988372ad9f3275bdd3983a6c9d421 	 not-insult 	 MUS MUS .....ARGGGGHHHHH. En ihan koko p√§iv√§√§ kunhan t√§ss√§ vain omaksi ilokseni l√§mmittelen itse√§ni.......ARRRGGHHHH.....NARSK. 	 0.7576800584793091
s24:1899c2688f75cdda7f7ce575cd09afaf 	 insult 	 Mist√§h√§n voisi saada lis√§√§ matuja, jotta saataisiin kerralla Suomesta islamilainen paratiisi? On meinaan senverran hienoja uusia monikulttuurisia tapoja jo nyt t√§nne tulleilla. Kyll√§ me nyt rikastutaan kuten A STUBB tiesi jo etuk√§teen. Hirve√§n viisas mies tuo alex. 	 0.009012478403747082
s24:92bb542a6d38f0068cb3e1a16a32906b 	 insult 	 Urpilaisen mets√§rosvot  Urpilainen viittasi demarijohdon olevan mets√§rosvoja (Robin Hood & co). Niinh√§n ne melkein onkin. Oppositiota voi verrata mets√§√§n jossa n√§m√§ mets√§rosvot piileskeliv√§t. Tekiv√§t sielt√§ iskuja j√§rjest√§ytynytt√§ yhteiskuntaa vastaan samalla tavoin kuin demarijohto nyt heittelee ruikutuksiaan oppositiosta. Mit√§√§n j√§rke√§ ei ruikutuksessa tarvi olla niin kuin ei yleens√§k√§√§n kun demari on esitt√§j√§n√§. Demarilla vaatimustason pit√§√§ aina olla matalampi niin kuin virkoihin ja suojaty√∂paikkoihinkin. Neh√§n vois muuten j√§√§d√§ ty√∂tt√∂m√§ksi tai ilman koulutuspaikkaa.  Pit√§isi vain muistaa Urpilaisen ensin ottaa asioista selv√§√§, ennen kuin vertaa itse√§ns√§ mets√§rosvoihin. Robin Hood ja muut mets√§rosvot kyll√§ varastivat rikkailta, mutta eiv√§t he k√∂yhillek√§√§n sit√§ jakaneet. Lainasivat pirunmoista korkoa vastaan niin kuin koronkiskurit yleens√§kin.  Mutta hei. Seh√§n sopii hyvin kuvaan sill√§ demarithan polkee pienituloisia, k√∂yhi√§ ja ty√∂tt√∂mi√§ jalkoihinsa niin kuin ei mit√§√§n. Mutta ei haittaa. Joku tyhm√§ n√§ist√§kin voi taas ensi vaaleissa erehty√§ antamaan √§√§nens√§ t√§lle rosvoporukalle. 	 0.019734980538487434
s24:d5712a7136c48b2f9f301dea737bfedd 	 not-insult 	 oli hyv√§ olla, mut ehdotan. Tyls√§t t√∂peksij√§t& Tekokeho... 	 0.03450659289956093
s24:32ec77521eb33d74504a667f4390cc06 	 insult 	 "Et ole teini√§iti ""onnellinenehk√§√§ipp√§"", joten miksi provoilet kyseisell√§ palstalla?  Olen sent√§√§n √§iti ja minulla on lapsia useampikin, joten minulla lienee enemm√§n annettavaa kyseisell√§ palstalla kuin sinulla, ""onnellisella"".  En ole katkera nuorille √§ideille, vaan s√§√§lin heit√§. Kun n√§en jonkun kaltaisesi provoilevan pissiksen, minua alkaa suorastaan oksettaa. Antaisit edes lapsillesi mahdollisuuden parempaan el√§m√§√§n, vaikka itsell√§si resurssit ovatkin t√§ll√§ hetkell√§ riitt√§m√§tt√∂m√§t, koska j√§rki tyystin puuttuu." 	 0.09760356694459915
s24:bbc64992353a4b6924e7f4c6b6a38e73 	 insult 	 jutuistasi ja sensuroinneistasi p√§√§tellen voi kuvitella ihan helposti.  Valehtelija olet ja valheellisen propagandan levitt√§j√§. Is√§nmaan vihollinen. 	 0.7470600008964539
s24:808fd701a311cb002f1e6acff2772337 	 insult 	 "keit√§ anarkistit oikein luulevat olevansa?  T√§ll√§kin palstalla rellest√§v√§t punikki-loiset yritt√§v√§t kantaa ylpe√§n√§ titteli√§ anarkisti. Mielest√§ni kyseiset punaloiset eiv√§t ole anarkisteja n√§hneetk√§√§n. Jos on anarkisti, asettautuu koko nykyisen j√§rjestelm√§n ulkopuolelle eik√§ toimi sen keskuudessa mill√§√§n muotoa. Nykyiset ""anarkistit"" haisevat kotonaan paskalta ja nostavat ty√∂markkinatukea ja sossurahoja yritt√§en samalla esitt√§√§ kovaakin kapinoitsijaa. Ei ne muutamat punkkikeikat teist√§ anarkisteja tee, eik√§ huumeiden veto tai kaljan jatkuva kiskominen. Todellisuudessa olette yhteiskunnasta riippuvaisia orjia jotka kuuluvat sen alimpaan kastiin. Tekstist√§ p√§√§osa sopii my√∂s muihin palstan aktiivikirjoittajille, oli anarkomarko tai ei!" 	 0.2541552484035492
s24:8b05d4aacb6e5f6f2b2abca55e42042f 	 insult 	 Hys hys korkki kiinni ja tutimaan. Mit√§s suvakki t√§h√§n? 	 0.0015479797730222344
s24:3c7b75155fdcd233f7f957533ffcc0ea 	 not-insult 	 No ei mustalainen ole rasistinen ilmaus, manne on!!!! Ja ei Martina sit√§ rasistisesti sanonut. Ja siin√§h√§n se aiemmin jutteli mustan miehen kanssa. 	 0.0138823501765728
s24:527d0b5b85daf5b43b62d88d0e7511aa 	 insult 	 Niin, ne on tossavaisia, torniaisia tai muita natsipellej√§. 	 0.9095606803894043
s24:eada44536fead2a3661cdfbd5efe4747 	 insult 	 Ai se on sun mielest√§ shaibaa kun poliisi menee ja hakkaa tajutonta? Olkoon ihan mik√§ vaan venkula, mutta tajutonta EI IKIN√Ñ menn√§ ly√∂m√§√§n. Eik√∂ sen nyt ihan miehen peruskunniakin sano, ett√§ kun vastustaja tappelussa tippuu, se v√§kivalta loppuu just silloin? Tippunut ei ole vaarallinen, silt√§ on jo taju pois. Kerran saat tappelussa iske√§ tauluun ja sen pit√§√§ riitt√§√§, kun se tippuu, matsi p√§√§ttyy siihen kun se kaveri ottaa lukua.  Se on nyrkkinujakoissa ihan kahden miehen v√§linen kunniajuttu, ett√§ tippunut/sammunut j√§tet√§√§n rauhaan ja munille ei potkita.  Nytk√∂ SUN mielest√§ poliisi saa menn√§ ly√∂m√§√§n virkamerkin suojalla sit√§ tajutonta humalaista? N√§ink√∂ on asiallista SUN mielest√§s toimia? Saatanan sairas poliisinpalvoja nilkki!  Paina nyt kalloos se, ett√§ sammunut/tippunut on suojattu kunnias√§√§nn√∂ll√§. Edes poliisi ei saa menn√§ ly√∂m√§√§n miest√§ josta ei ole en√§√§ vastukseksi. 	 0.2549953758716583
s24:1031c91beb313e53ceab81b41735159a 	 insult 	 pellee ei haittaa palstan muutokset.Enempi vain raukka sp√§mmii.. 	 0.48308828473091125
s24:7305ff744dc3f73a95d08c5f3650180b 	 insult 	 aina.  √Ñl√§ ikin√§ luota ryss√§√§n.  √Ñl√§k√§ rysss√§nk√§tyriin: katso Johan B√§ckmanin rumaa naamaa. Ostaisitko k√§ytetyn auton sen n√§k√∂iselt√§ tyypilt√§? 	 0.02206261456012726
s24:090f6c05a4db851b079e0f3a9cb78480 	 insult 	 Kuule angel, wanker sanoo varmasti noin vain saadakseen hieman huomiota ja s√§√§li√§. Kaksi vuotta sitten wanker oli aivan erilainen, niin hauskaa h√§nell√§ aina oli. Mik√§ mukamas olisi voinut saada h√§net ajattelemaan tosissaan itsemurhaa? Miksi oikeastaan edes tappaisit itsesi keisarin takia? Oletko koskaan tavannut h√§net? Mielest√§ni keisari wanker on melko s√§√§litt√§v√§ tapaus rehellisesti sanottuna!!!! 	 0.42377784848213196
s24:67d1dada81d6b55aad43bfec8828dbf1 	 not-insult 	 Jopas olet herkk√§hipi√§inen. Minun itsetuntoni kest√§√§ kyll√§ Jukat ja Pirkat ja muutkin karikatyyrit suomalaisista. L√§hinn√§ vaan huvittavat. En my√∂sk√§√§n pid√§ norjalaisia niin tyhmin√§ ett√§ luulisivat joka ikisen suomalaisen olevan jonkun tyypitetyn hahmon kaltainen. Seh√§n on todellakin vain fiktiota. Uskotko itse ett√§ kaikki mit√§ tuutista tulee on totisinta totta? 	 0.21367892622947693
s24:7073010a29996d51e2ade8372691a6e0 	 insult 	 Itsekeskeinen √§ij√§n k√§ppyr√§ Kaki  ilman √§√§nestyst√§. 	 0.0024562692269682884
s24:f633c3a85626d30287ecddc25671c0f3 	 not-insult 	 Kirjoitan sinulle paskaa niskaan saanut. Et ole ainoa. Min√§ olen kokenut aivan samaa. Sitten kun asia tuli julki, niin minua syytettiin ett√§ s√§ et tule toimeen jne jne jne. Aivan uskomattomia ukkojen juoruja niit√§ sai kuulla. Selvitt√§m√§tt√§ j√§i. Luulenpa juoru-ukot ovat viel√§ melkoisessa omantunnoin tuskissa per√§tt√∂mien juttujen levitt√§mist√§, vaikka luulenkin ettei heill√§ ole mit√§√§n omaatuntoakaan. Minun p√§√§lle kaadettiin koko talon likaviem√§ri. (Ompahan nyt kupla puhjennut kun l√∂ydettiin silm√§tikku) 	 0.15531562268733978
s24:32e0e0d63807103dc013ae4ca23c4033 	 not-insult 	 ITELL√ÑKI ON TULLU MONTA KERTAA KUSET HOUSUUN KOULUSSA.ITE RATKASIN ONGELMAN LAITTAMALLA PAPERIA HOUSUUN TARPEEKSI PALJON, ETTEI TUU L√ÑPI. Oon poika eik√§ paperin housuun laittaminen noloo. Kokeilkaa itse. 	 0.2576964199542999
s24:da5a13ef5c885a490993baa02ede0f58 	 not-insult 	 paf kusettaa rahat. 	 0.9307425022125244
s24:22f085622ca4dc1cdc9d98a9f76807ca 	 insult 	 olekaan viimeinen, senkin p√§ssi. Se on pian ENSIMM√ÑINEN ihmisten syntien t√§hden. Saastunut ihminen kuolee kohta pois ja tilalle kehittyy jokin puhdas alkuel√§in. T√§h√§n el√§imeen Jumalakin voi luottaa. 	 0.6818684935569763
s24:49622b1554cb6b9c1f7d13a1c49114ef 	 not-insult 	 Onko pett√§minen sallittua ?  Saanko ty√∂nt√§√§ kikkelini vieraan naisen pimppiin....onko sallittua ? 	 0.8044989109039307
s24:80df545bc1ddb595967bf80414fd3b14 	 insult 	 V√§it√§t, ett√§ saat Yksityisten alojen ty√∂tt√∂myyskassasta samat edut, kuin ammattiliitosta. V√§itteesi ei pid√§ alkuunkaan paikkaansa. Ensinn√§k√§√§n Yksityisten alojen ty√∂tt√∂myyskassa ei ole mik√§√§n liitto, vaan pelk√§st√§√§n ty√∂tt√∂myyskorvauksen maksaja minimipalvelulla. Edunvalvontaasi liittyvi√§ palveluja sielt√§ et saa, koska sopimukset solmii ja ty√∂ehtojen toteutumista valvoo alan ammattiliitto. Ammattiliitoilta saat my√∂s asiamies- ja lakimiespalveluja. Todenn√§k√∂isesti olet joku tietoisesti provosoija, mutta jos olet todella noin tyhm√§, niin sinua ja sinunlaisiasi ty√∂nantajat kusettavat pahimmin. Sellaista on helppo kusettaa, joka luulee tiet√§v√§ns√§ kaiken, mutta itseasiassa ei tied√§ juuri mit√§√§n. Tyhmyytt√§si ja tiet√§m√§tt√∂myytt√§si osoittaa my√∂s se, ett√§ kuvittelet asian olevan sill√§ selv√§, ett√§ TES: si on luettavanasi. TES:sien tulkinta on aivan oma lajinsa ja yhdell√§ tulkinnalla saattaa tulla kerralla koko vuoden liiton j√§senmaksua vastaava raham√§√§r√§ ty√∂ntekij√§lle. Mit√§ siihen sinun hulluuteesi tulee, niin se sinun t√§ytyy selvitt√§√§ jossakin yhteiskunnan yll√§pit√§m√§ss√§ laitoksessa. Siin√§ edes ammattiliitto ei sinua voi auttaa. Ammattiliitot tosin edist√§v√§t kyseisten laitosten toimintaa sill√§, ett√§ ne ulosmittaavat ahneelta kansainv√§liselt√§ p√§√§omalta verotuloja, joilla rahoitetaan mm. kyseisten laitosten toimintaa. En ota t√§ss√§ kantaa sinun luettelemiisi genitaalitermeihin. Pyyd√§ selvitt√§m√§√§n siell√§ hoitolaitoksessa, miksi ne kuuluvat niin viljalti sinun sanavarastoosi. 	 0.4067239761352539
s24:627f539ad6cdff56812d6946fd896a64 	 not-insult 	 Puutarhurin vihollisia, noita inhottavia lehtokotiloita, kuuluu olevan jo paljon liikkeell√§. N√§kisip√§ joskus jonkun naisen liiskaavan niit√§ kumppareillaan. Tied√§n, ett√§ niin tapahtuu paljon, mutta puutarhan naiset eiv√§t taida lukea n√§it√§ juttuja. 	 0.05649228394031525
s24:c32d0a966f8e172c9648d42c7c7fa650 	 insult 	 Siksi kun nyt on rauha ja teik√§k√§l√§iset on sodassa meit√§ vastaan. Olette siis selk√§√§npuukottajia! 	 0.7033500075340271
s24:43052d12a3ee878608bba7df5d96dac7 	 not-insult 	 Kyll√§ si√§ lujaa suomikaunotarmiehi√§ naitii. Jollakin ylim√§√§r√§nern kruunu ja joku sen tarvitte. K√§yt√§nn√∂ss√§ kai Slussenilla asuva maahanmuuttajasuomalaismies. 	 0.3275376856327057
s24:02075a1cc3c2d05369d061b4f5bae725 	 insult 	 somalille on kuin rahaa heitt√§isi kaivoon. 	 0.0008130051428452134
s24:63466d9361db328aa959a783c18863a4 	 not-insult 	 Runkkaan sinua puhelimen v√§lityksell√§  tyydyt√§n sinut ja runkaan saat alle aikayksik√∂n orgasmin ennekuin huomaatkaan. Soita.0700-979488 	 0.9741281270980835
s24:040773821d9c4740c55a58a11ecf7cd5 	 not-insult 	 Persut ovat lahjoittamassa ven√§j√§mielisen√§ puolueena Suomen itsen√§isyyden ven√§j√§lle, mutta onneksi enemmist√∂ meit√§ is√§nmaan yst√§vi√§ on persujen ven√§j√§kytk√∂st√§ vastaan. H√§vetk√§√§ persut... 	 0.9383547306060791
s24:b128ebe7a83070d0cf3d0d4e8ffe7e37 	 not-insult 	 minikit ongelmia  mul on lego batman 2 mult puuttuu en√§√§ yks ainoo minikit se on tasos jos pit√§√§ tuhota se ihme jokerirobotti detector n√§ytt√§√§ et se minikit olis jossai puistossa puun p√§√§ll√§ voisko joku auttaa 	 0.00038577188388444483
s24:027949bb2eb7da2066773e17db67bbce 	 not-insult 	 Jakuzi n√§ytti  Tepolle n√§rhen munat. 	 0.5665400624275208
s24:522bc8f1c5ebd454b9814b1fc7155e12 	 not-insult 	 Suuttumus julkisuudesta naurattaa. Saisivat olla tyytyv√§isi√§. Ilman julkisuuttaa koko huutokauppakamari olisi konkassa. Lihava muija saattaa pian huomata, ett√§ ket√§√§n ei kiinnosta ja sitten ei en√§√§ tarvitse itke√§ verojen julkisuuttaa.  Timo T.A Mikkonen oli suuri mediapersoona. Suurempi kuin Palsanm√§et yhteens√§. Ei parane ryhty√§ ylpe√§ksi, vaikka naama on telkkarissa. 	 0.003260824829339981
s24:0e8fe96c75e89bde68dcdd6daa2d12ce 	 insult 	 Ei t√§ll√§ tyylill√§ mit√§√§n tapahdu eik√§ asioille mit√§√§n voi. Raiskaaja Apinat pit√§isi saada pois . Omissakin asioissa taitaisi ns. Is√§n maassa olla Herran kutatleilla hoidettavaa. Karsia omia turhia menoja. Ei vaan taida omanedun tavoittelulta enn√§tt√§√§ hoitamaan mit√§√§n asiallista asiaa Kyll√§ pyllistell√§√§ EU lle ym tahoille ja puhutaan potaskkaa ( siis Paskaaa. 	 0.7829811573028564
s24:132dab91b5ae780dffe372245b9450b6 	 not-insult 	 √Ñl√§ nyt koko ajan sit√§ Espanjan bloggaajaa muistuta siit√§ mit√§ h√§n on. Seh√§n pian tekee sustakin jutun ja v√§itt√§√§, ett√§ olet narkkari ja YLE:ll√§ t√∂iss√§, vaikka ei sinne p√§ink√§√§n :DDDDDDDDDDDDDDDDDDDDD 	 0.24748478829860687
s24:beb43897e879403a8cf7a1ecf0f423e0 	 not-insult 	 Tommi hmmm nimesi  Oli kiva n√§hd√§ taas, koska tulet seuraavan kerran? Ens kerralla vaadin muutakin, kuin suudelmia ja hyv√§ily√§. J√§t√§ jo se muijasi sinkkunainen sopii sulle paremmin. Ansaitset oman lapsen üòò 	 0.006939837243407965
s24:13c8a35f4544c08f5890e249828980eb 	 insult 	 Nimimerkist√§ huomaa ett√§ tykk√§√§t murhaamisesta.  Mielummin yksi henget√∂n kapitalisti kuin 10 kuollutta ahkeraa duunaria. Tied√§t varmaan ettei siivell√§ el√§ji√§ tueta?  Jos markkinatalouden puolestapuhujat eiv√§t n√§√§nnytt√§isi ihmisi√§ alipalkkauksella, niin maailma saattaisi olla rauhallisempi paikka ‚Äì kaikille.  Sit√§ saa mit√§ tilaa. √Ñidinmaidosta tyhj√§p√§isyyden imenyt kokoomusjuntti tilaa jotain itselleen, vaikkei kannattaisi. 	 0.07842438668012619
s24:b4ed82e5ff0c7fadfb1f27a925888b9d 	 not-insult 	 sari puukottaa kakia naaman edess√§.. 	 0.07241207361221313
