s24:5699e9c7b42d4f5d1c3f79be884a0118 	 obscene 	 TV:st√§ pornoa  TV2 esitt√§√§ parhaillaan p√§iv√§aikaan ven√§l√§ist√§ saunaohjelmaa miss√§ ven√§l√§iset pervot ukot esittelev√§t kyrpi√§√§n. Eik√∂ YLE h√§pe√§ koskaan tekemisi√§√§n? 	 0.5782041549682617
s24:944495d33119cc7158e289c7e7ea7b13 	 obscene 	 ei anna rissiini√∂ljy√§ pikkuelukalle,tullis meille paskanen loppu! 	 0.9364060163497925
s24:2a7c9e29b080991fefc5475ebab0cea1 	 obscene 	 Mies joka vonkaa ensimm√§isill√§ terffeill√§ on sika. Jos ei vonkaa viel√§ kolmansillakaan, on homo.  Mutta sitten varsinaiseen asiaan. En min√§ mielest√§ni koskaan ole vongannut kelt√§√§n. Pit√§√§ olla sen verran silm√§√§, ett√§ osaa vied√§ tilanteen luontevasti oikeaan suuntaan. Kysy√§ illan p√§√§tteeksi, josko nainen haluaisi tulla y√∂ksi tms.  Jos menisi kovin pitk√§ aika tai nainen vikkokaupalla k√§visi vain nukkumassa luonani, tekisin asiasta omat johtop√§√§t√∂kseni. Mik√§ t√§ss√§ on niin helvetin vaikeaa? 	 0.6043540239334106
s24:e703d3c56e76622e0c5c1f64028227b9 	 obscene 	 "No helpottiko ""pimpottelu"" sinua netti-addiktia? √Ñl√§ pelle ole kiinnostunut kirjoittajista, jotka eiv√§t ole kiinnostuneita sinusta tai ole ylip√§√§t√§√§nk√§√§n kiinnostunut kirjoittajien henkil√∂ist√§. Pime√§ tapaus: stalkkaat mua, jolla ei koskaan ole ollut edes nimimerkki√§... Teep√§ itses lis√§√§ idiootiksi ja tule pimpottelemaan asiallisiin viesteihin, pelle! Havaitsin hyvin, ett√§ jotakin ihan sairasta vittuilua toi on - mua kohtaan. Taitaa suoli24 olla ainoa paikka, miss√§ vastentahtoisesti kaltaisiisi kirjoittajiin t√∂rm√§√§? Kytt√§ri ( mik√§ sitten lienetk√§√§n). Juntti." 	 0.8659780621528625
s24:7e927508ddf5c8c45bafcdfa213a535d 	 not-obscene 	 ootko s√§√§ t√§ysin tyhm√§ BF3 on 30fps PC:lle, Xbox 360:lle ja my√∂s viimeisen√§ ja v√§h√§ismip√§n√§ ps3:lle. 	 0.8306319713592529
s24:844c8d9213f76709988d9779194389e6 	 obscene 	 Tilanne j√§rkytt√§v√§.  Itsell√§ni on perseauki ja selvi√§n just,ettei tarvi menn√§ leip√§jonoon.Olen t√∂iss√§ ja vouti vie osansa ja asun stadissa.Minulla on taksiliite,jolla ennen paikkailin kapeikkoja ja olin hyv√§ ja kassat oli hyvi√§.Nyt en en√§√§ l√§hde minnekk√§√§n kaikki s√§√§st√§√§.Pid√§n t√§t√§ jo 90-luvun laman tasossa ja pelk√§√§mp√§ et t√§√§ kest√§√§ paljon pidemp√§√§n. 	 0.08885452896356583
s24:58ceaa5d1f0327031964d19de8d504b3 	 obscene 	 Ennemmin haen sahapukin liiterist√§ ja hinkkaan itse√§ni sit√§ vasten kuin maksan jostain vastenmielisen kurpan jyyst√§misest√§ 	 0.006431124173104763
s24:820a698b714fe19265ae3bc679fd4fb3 	 obscene 	 Ne ovat n√§m√§ et√§isien nyx√§t sellaisia p√§tevi√§ ja aktiivisia tapaamisasioissa, ainakin aluksi. Ei se isi todellisuudessa ole ollut kovin halukas tapaamisiin, mutta kamalasta ex√§st√§ valittamalla saa s√§√§lipillua. 	 0.05672495439648628
s24:e55e8c3ddc9e2188226a2a5faab73c5a 	 not-obscene 	 Raha-automaattiyhdistys maksaa isot tukiaiset erilaisille islamisti- ja somalij√§rjest√∂ille.  Onnitteluni, olet idiootti. Ly√∂ ittees vasaralla p√§√§h√§n niin monta kertaa kuin pystyt. 	 0.6534860134124756
s24:eb40caf06fa80517ea6dd4adb3463f07 	 not-obscene 	 V√§h√§n kyrs√§see kun viimeinen p√§iv√§ menee t√∂iss√§.. 	 0.02612282708287239
s24:0ce03b0f126953c4fca54d8bcc5d927d 	 obscene 	 suomen heikompi osaisten olot kuntoon. kokoomuksen maahan tuomat turvis matut voi kyll√§ l√§hett√§√§ takaisin omiin maihinsa heti. lomaileehan ne siell√§ muutenkin suomen piikkiin ja nauraa paskasta naurua suomen tolloille. 	 0.26629987359046936
s24:27d777df5c8d1eeeab0ec9ec556871b5 	 obscene 	 Lihoiks vaan koko paska, kaupungintalolla on juhlasali jos joku tarvitsee ja kaupunkikin tienaa. 	 0.9188881516456604
s24:edf5c3dfbd0fb28dcb57e4c37afb0318 	 obscene 	 Olis kiva tankata st 1:ll√§, mutta....  Siell√§ ei taida olla sellaista kellonaikaa, ettei joko helvetin vanhat kyrv√§kk√§√§t istuisi siin√§ ulkona tujottamassa, tai sitten ylipainoiset kakskymppiset r√§ttip√§√§t r√§kim√§ss√§ ja vahtaamassa. Eritt√§in ep√§mielytt√§v√§√§ asioida, sis√§lle nyt ei voisi kuvitellakkaan menev√§ns√§. Harmi, taas j√§i tankkaamatta ja hoidan asian nesteell√§ t√∂ihin menness√§ni huomenna. 	 0.048178475350141525
s24:11dd4dfa30a511fd3b882f5516c83973 	 not-obscene 	 aivovamma on sinulla! S√§ oot oikeesti avun tarpeessa √§lyk√§√§pi√∂! 	 0.2939543128013611
s24:7018fb509fa74a2068015299fa0482be 	 obscene 	 Passkasakki on aina passkasakkia. 	 0.901627779006958
s24:bb4e9789d0d1415ef4134820f0aa43f8 	 obscene 	 Mulla on ollut ihan sairaan paska p√§iv√§ t√∂iss√§..aika paskassa ty√∂paikassa..nyt alko naurattamaan... :D 	 0.9117922186851501
s24:759e22a5ab93c13cf7ce603f04a6d5bb 	 not-obscene 	 vesip√§√§ akka taas pit√§√§ yksin jorina aloituksia t√§√§ll√§. Paljastelee omia mielikuvitus tuotoksiaan, mill√§ ei todella ole mit√§√§n todellisuuspohjaa. Olet kyl niin tyhmist√§ tyhmin. 	 0.7674051523208618
s24:4982bb0cc59fa939f2d67410fc2faec0 	 obscene 	 "Yll√§pito hoi! T√§ss√§ on seuraava joka haluaa p√§√§sy√§ laitoshoitoon. Vinkki viranomaisille. Muuten, kyll√§ ihmisill√§ on oikeus pihallaan olla ilman ett√§ henki l√§htee. Oletan tietysti l√§ht√∂kohtaisesti, ett√§ ihmiset ainakin vakavissa asioissa puhuvat tosissaan. Tosin nettih√∂rj√∂t voivat mik√§li joku asiaan puuttuu, ett√§ ihan vain l√§p√§ll√§ vaan. Vitsi, vitsi. Haittaaks se? Veikkaan, ett√§ t√§ss√§ tapauksessa avohuoltoon p√§√§stetty kuntoutuja p√§√§tti tappaa kenet vain p√§√§st√§kseen laitokseen takaisin. Keravalla (Savio) oli √§skett√§in vastaava tapaus. Poika tappoi tuntemattoman tyt√∂n urheilukent√§ll√§. Muitakin tapauksia on ollut ja lis√§√§ tulee. Mielenterveyshuolto on todella retuper√§ll√§. Psykiatriset hoitolaitokset takaisin. Ihmishenget eiv√§t saa demokraattisessa yhteiskunnassa olla s√§√§st√∂kohde. Suuri virhe tehtiin kun laitokseen kuuluvat ihmiset passitettiin ulos kadulle ja avohoitoon"". L√∂ps√∂ suhtautuminen huumausaineiden v√§√§rink√§ytt√§jiin vain lis√§√§ ongelmaa. ""  Joo tappajat kuuluu vankilaan tai hirttosilmukkaan, en m√§ sit√§ puolustele vaan olen sit√§ vastaan ett√§ sun mielest√§ valta p√§√§tt√§√§ ihmisen vapaudesta ja suljetaan kaikki p√∂pil√§√§n siksi ett√§ on ""hullu"". Mik√§ mlkku sin√§kin siin√§ olet kun leikit jotain natsijohtajaa ja pistelet porukkaa telkien taakse tuosta vaan ? Onko se inhimillist√§? Ja kallonkutistajat ovat pskiaisia koska leikkiv√§t ihmisten yksityisasioilla riist√§en heid√§n vapautensa, kato valta p√§√§tt√§√§. kyll√§ t√§st√§ ongelmasta on puhetta pitkin netti√§ ja yhteiskuntahan senkin p√§√§tt√§√§.  t√§m√§ sinun yhteiskuntasi on mennyt poliisivaltioksi, ett√§ vet√§iseh√§n sin√§ r√∂mps√§tuhero p√§√§h√§s ja painu m*lkku v*ttuun t√§√§lt√§ h√∂lisem√§st√§ viranomaisillasi. Just tuollaisia vasikoita ja huolestujia kukkahattuh*moja t√§√§ll√§ kouvostoliitossa riitt√§√§.  onneksi en yleens√§ n√§it√§ shit palstoja luekaan t√§m√§n enemp√§√§ mutta pakko puuttua v√§h√§sen kun sunlaisia natsisikoja tulee t√§nne elvistelem√§√§n.  Sossu on sika koska sill√§ on valtaa ja panee porukkaa edunvalvontaan, vie lapset huushollista ihan tuosta vaan.  Kun et sin√§ mist√§√§n mit√§√§n tied√§ niin suksi vaan v*ttuun t√§√§lt√§ ja hoida itse√§si vaan, paina piikki takalistoosi ja alistu vallalle vaan.  Opettele lukemaan viestit oikein √§l√§k√§ l√§ssyt√§." 	 0.9088830351829529
s24:ecf749bf4ee63cdbc77ff66251d4b9be 	 obscene 	 No kyll√§ sulla sitten on vaikeaa!  Puu on hyv√§ pintak√§sitell√§ jollain aineella ihan vain kosteuden ja lian imeytymisen v√§hent√§miseksi - samalla s√§vytt√§en saa v√§rj√§ym√§t ja sinistymiset piiloon.  70-luvun m√§nty oli solukoltaan tiivimp√§√§ kuin nykyiset tehokasvatetut h√∂t√∂puut, joten pintak√§sittely ei ole aina tarpeen - varsinkaan kun saunan l√§mp√∂ on tiivist√§nyt pintasolukkoa entisest√§√§n.  Sauna ja varsinkin pesutila on hyv√§ kuivata ja tuulettaa k√§yt√∂n j√§lkeen - muuten tilat j√§√§v√§t kosteiksi ja nimenomaan homeen kasvulle suotuisiksi.  Ja jos osaat kuuklettaa ihan ite niin mit√§ vittua edes t√§√§ll√§ kyselet! 	 0.9208642244338989
s24:3dbc66574663ec4806f637e23572b902 	 obscene 	 My√∂nn√§ pois ett√§ sinua Pekka pelottaa. Mit√§ enemm√§n turakainen ufojen suhteen niin sit√§ enemm√§n on pelko omassa perseess√§. 	 0.903922438621521
s24:d01ebbcebb5f725b774b65bcc3919f81 	 obscene 	 M√§ oon yksinhuoltaja is'√§ ku tenavan √§iti oli niin helvetin huono ja kovaa dokaa m√§ sain huoltajuuden ke todettiin mun olevan eduksi lapselleni ja dokaan ehk√§ kohtuullisesti,tosin nyt oon aika tinneriss√§ ja tenava se leikkii tos vieres mun tyhjill√§ lesteill√§ni ja tenavani tai likemminkin termiitti on tytt√∂ 4v. ja ihan kiva kaveri mulle ,m√§ koitan opettaa sille hyvi√§ tapoja ettei tulis √§ityiins√§. naapurit ei oikee tykk√§√§ mun lapsestani ku se meni tos toissaaamuna niin hyppim√§√§n niitten kukkapensaisiin ja toki tallo kaikki kukat ihan vituralleen ,mut en m√§ sit√§ k√§skeny ,mut m√§ tein tenavana ihan samanlaisii juttuja et kait se on jo v√§h√§n is√§√§ns√§ tullu.tarttis koht l√§htee lapsenkans kauppaan ku mul alkaa kalja loppuu ja saan samalla ostettuu lapselleni karamellipussin ja vien samalla noi tyhj√§t lestit ja t√∂lkit mit√§ on kertyny ku m√§ laitan aina ne rahat lapseni s√§√§st√∂possuun ,laskin et nyt tosta lesti ja t√∂lkim√§√§r√§st mit√§ on tyhjii niin lapseni saa s√§√§st√∂possuun noin 78 euroo,t√§n√§√§n me sy√∂d√§√§n kuhan jaksen teh√§ rukaa niin Pirkan hernekeittoo aattelin l√§mmitt√§√§,perkelwe maito on p√§√§ssy happanee mut se uppoo mun lapseen ku sanon et se on nyt t√§ll√§kertaa is√§ ostanu PIIM√Ñ√Ñ ja yleens√§ jos meil ei oo ruokaa ja lapseni valittaa et saisko isi nytr ruokaa niin m√§ vet√§sen verhot ikkunoitten eteen ja sanon sille et nyt on Y√ñ eik√§ kukaan Y√ñLL√Ñ sy√§√∂ ja sit venttaan et mist saisin lapselle jotain sapuskaa 	 0.11414294689893723
s24:125ce5fae1c0580368a2351eb83c62e6 	 obscene 	 Onko t√§m√§ nyt sitten nurin? Nytk√∂ koitti se p√§iv√§ jolloin t√§m√§ paska loppu? T:roiskis 	 0.432767391204834
s24:91f5e9b5e66073aaa4a5f02c0daa1637 	 obscene 	 Parasta evakuoija koko tila persujen j√§ljilt√§. Varmasti saastunut sen kokouksen j√§lkeen. DDT ja Sdp puhdistusaineilla desivivoitava! Elokuvia ei voi en√§√§ katsoa ennen puhdistuksia. Natsien perseet tarkastettava kokouksen j√§lken. Saivaria kantavat. 	 0.9391531348228455
s24:a1a5a3197251c84755f7403038c4d050 	 obscene 	 joku v..tun skeittari  Tos viime viikolla yks j√§tk√§ tuli kahvilaan ja meni p√∂yt√§√§n tilaamatta mit√§√§n. sit se oksensi p√∂yt√§√§n ja l√§hti sit vaan ulos.. J√§tk√§h√§n on t√§ys skeittari. Ei mit√§√§n tapoja. Niist√§√§ tuollaista skeittaria pit√§isi. 	 0.5223208665847778
s24:a24c9afe3796d5618734361112de3538 	 obscene 	 ilmaisin ei saa kuin rupia perseeseen ja nekin pit√§√§ itse raapia.  menk√§√§ t√∂ihin ett√§ saatte louvoo niin ei tavi jatkuvasti valittaa. 	 0.9673260450363159
s24:e38e85ce45aaab02b76a14b4f8ad7d90 	 obscene 	 "Ajokiellon pituuteen lasketaan mukaan my√∂s poliisin tienp√§√§ll√§ m√§√§r√§√§m√§ v√§liaikainen ajokielto (k√§yt√§nn√∂s 1kk). Eli jos ajokiellon maksimi on 6kk ja olet ollut k√§r√§j√∂intiin saakka ajokiellossa, niin sinulle voidaan langettaa ""enint√§√§n"" 5kk lis√§√§. Huomioitavaa on my√∂s se, ett√§ yli 6kk:n ajokiellon j√§lkeen joudut kuljettajantutkintoon saadaksesi kortin takaisin poliisilta.  Ajoin tutkaan niin, ett√§ meni t√∂rke√§n vaarantamisen puolelle tos puoliv√§lin paikkeilla kuluvaa kuuta. Vituttaa kans aika rankasti ja kaduin tekoani jo sill√§ hetkell√§, ku siniset valot punaisen kera syttyiv√§t maijan katolla. Kadun edelleen!  On totta, ett√§ k√§r√§jill√§ todenn√§k√∂isesti annetaan lis√§√§ ajokieltoa. Kiellon pituus riippuu tapauksesta ja miten t√∂rke√§ksi se luokitellaan poliisin ja syytt√§j√§n toimesta.  Yrit√§ hankkia ty√∂nantajan todistus siit√§, ett√§ oman auton k√§ytt√∂ ty√∂matkoilla on v√§ltt√§m√§t√∂nt√§, saattaa auttaa asiaan tai sitte ei. Riippuu niin paljon poliisin ja syytt√§j√§n inhmillisyydest√§...  PS: Jos jollain on parempaa tietoa tuosta ajokiellon laskemisesta, niin kirjoittakoon siit√§ t√§nne. Oma perstuntuma olis t√§mm√∂nen, mit√§ edell√§ kirjoittelin" 	 0.03521718829870224
s24:b80a582fa6083284f1c3fb852ca5d7a1 	 not-obscene 	 kun s√§ oot impotentti. jos olet huomannut: 	 0.5922277569770813
s24:5c77ee01659ecfdcb0d597e7b1108aaf 	 obscene 	 Mulla puutu jo ekassa osassa eik√§ perse kest√§ kattoo toista. 	 0.8342680931091309
s24:4e689347eb4ca9e4d0e11b4ba1e35805 	 obscene 	 Huomenna juhlitaan Joulupukin syntym√§p√§iv√§√§  Juodaan viinaa ja sy√∂d√§√§n sianpersett√§ ett√§ rasva valuu suupielist√§. 	 0.09244991838932037
s24:e590a708502e2f3ee38aed0317cc1ca2 	 not-obscene 	 teidn huumorinne on surkeata! 	 0.41266801953315735
s24:01968601f898bb9948a92c19f69ee1ec 	 obscene 	 en√§√§ ja pit√§√§ huolen ett√§ ehtii heitt√§√§ oman paskansa p√§in naisen naamaa ennen kuin nainen tekee vastaavaa. 	 0.9675805568695068
s24:c2065d0908105edfdf96f6481ae11331 	 obscene 	 ett√§ millaista paskaa jotkut suoltavat nettiin :) 	 0.8596823811531067
s24:ab4ec229e229bfb49fcf3e50bfab5d5f 	 obscene 	 Ammattitaidottomille koulunsa kesken j√§tt√§neille kaljankittaajille pit√§isi maksaa huippupalkkoja, ett√§ nostaisivat perseens√§ kotisohvaltaan ja l√§htisiv√§t t√∂ihin. Kyll√§ on aikoihin eletty. 	 0.4026253819465637
s24:d286f8638f16631f818f8b780d4c7d42 	 obscene 	 "Mets√§nomistajat t√§√§ll√§ kusettaa. Kyll√§h√§n nykyisin pelk√§ll√§ maapohjallakin on hyv√§ arvo - osakkeet ja muut ep√§varmoja, kultakin. ""Maata ei en√§√§ valmisteta""." 	 0.5158116817474365
s24:09536cfa2640519de56becdb71525016 	 obscene 	 "Soneran ""mokkula"" ihan paska!  Vaihdoin muutama kuukausi sitten kiinte√§n Sonera-laajakaistan Soneran ""mokkulaan"". Tulos: vaikka yhteyden luvattiin olevan sama kuin kiint√§sskin (1 mt), nopeus hidastui huomattavasti. Toinen outo ilmi√∂ on se, ett√§ en pystynyt kuukausiin kirjoittelemaan mit√§√§n t√§nne Suomi 24-sivuston foorumeilla (kun yritin lis√§t√§ viesti√§, sivu ""hypp√§si"" takaisin aloitussivustolle! ) Nyt vietien l√§hett√§minen tosin on onnistunut muutaman p√§iv√§n, mutta t√∂kkii edelleen.  Asiakaspalvelusta ei ollut mit√§√§n hy√∂ty√§ (eiv√§t ottaneet yhteytt√§ kahdesta pyynn√∂st√§ni huolimatta). Tein 24 kuukauden sopimuksen tuotteesta, joka ei toimi niin kuin pit√§√§! Lis√§ksi asiakaspelvelu muuttui maksulliseksi. Todelle hyv√§√§ ""palvelua""!  Paska mik√§ paska! En suosittele kenellek√§√§n liikkuvaa Soneran laajakaistaa!  Ainut mik√§ Soneralla toimiin on laskutus!" 	 0.7482953071594238
s24:2e09f95af65dcab514726a91ef9e3bdf 	 obscene 	 Ville on iloinen kiitos vaimoni kun ymm√§rsit meid√§n ongelmia!!!!!!! hyv√§ kun olet enemm√§n kallellaan vasempaan kuin oikeaan!!!!!!! saat ehk√§ sitten imasta v√§h√§n mun terskaa mutta anaali ty√∂nn√∂t omistan vain nykyiselle k√§mppikselle!!!! vaihtelua virkist√§√§ mutta se on ihan fine kun olet polyamorinen!!!üî•üíûüíûüíûüòçüòçüòòüòòüòò 	 0.5042994022369385
s24:d1fdee5dcb8bb70c2e66679f825a74e2 	 not-obscene 	 itseisarvo, vaan aina seurausta jostakin ! Aloittajakin tuntuu olevan n√§it√§ √§nkyr√§ √§mmi√§. 	 0.9627076387405396
s24:f26a95dda490f0a0c03887bf848c844d 	 obscene 	 Suojaty√∂paikat saataisii lopetettua ja samalla korkeat palkat saataisiin laskettua vaipaitten markkinoiden tasolle..muuallakaan ei makseta turhasta p√∂rr√§√§misest√§ ja vittuilusta asennevammasta puhumattakaan. 	 0.8957241177558899
s24:1682e11c928c2f99eeed8e322d301f88 	 obscene 	 "Sama homma kyrsii. Meill√§ ty√∂kaverit -alasta johtuen vissiin- sen verran tyls√§√§ ja t√§ysin erilaista porukkaa ett√§ en vapaaehtoisesti viihdy seurassaan vapaa-ajalla (olen itse kummajainen tyls√§ll√§ alallamme ja joutunut sinne ""vahingossa""). Sit√§ saatanan kuivaa l√§ssyti l√§ssyti-juttelua ty√∂asioista tai lastenhoidosta en kest√§, tai jotain saakelin kuivaa urheilukisan kertaamista. Porukat ovat my√∂s suurelta osin viininlipitt√§ji√§ (juu, valitaan joku hienohelma viiniravintola stadin keskustasta tai teatteri-ilta) ja meik√§ taas kaljaa kiskova l√§hi√∂pubi-mies.  Joten nou t√§nks." 	 0.0036410309839993715
s24:69ea2b67804a7d6d549e97756feaf5f4 	 not-obscene 	 likaisista kalsareistasi pyykkikopassa. 	 0.07623973488807678
s24:e21f20ae7f1367436b2d9f1e16d7ffdc 	 obscene 	 paskat se mit√§√§ hl:n p√§ivitykii tarttee. 	 0.9198394417762756
