s24:8b838a5e0c26c54aaca530d48f3fbc7d 	 not-threat 	 G: Paljonko raskauskiloja?  Elikkä paljonkos teille on tullut raskauskiloja kustakin lapsesta? Ihan mielenkiinnolla kyselen :)  Meillä yksi lapsi ja kiloja tuli 21. :) 	 0.00042577600106596947
s24:dafb770a8c6896a1df36e291f49f60a6 	 not-threat 	 Huuhtelin Yanmarini vesikanavia vain vesijohtovedellä useita kertoja ja kauan. Jatkoin huuhtelemisia pitkään ja käytin myös moottoria lämpimäksi toistuvasti vaikka ruostehippuja ei enää veden mukana ulos tullutkaan. Lämönvaihtimen asennuksen jälkeen vaihdoin jo pian uudet glykolit eikä ulos tullut ruostetta ja vaihdan uudet muutaman vuoden välein eikä kanavista ole tullut ruostetta ja lauhdutin on toiminut hyvin. 	 0.0004324758192524314
s24:5dee37501d64b72fa58335f90f950424 	 not-threat 	 Moikka ;) voit meilata mulle tohon osoitteeseen jtp_71@luukku.com 	 0.0003319950483273715
s24:205ecf8ef3d90477c6338e259da869c7 	 not-threat 	 https://www.mol.fi/m/REDACTED/lu/index.jsp  tuolla puhutaan lukio-opinnoista vain nuorille tarkoitettuina. Ja opiskelun tulee olla päätoimista.  Ja toisaalta puhutaan ammattitutkintoon johtavasta koulutuksesta. Ilmeisesti se pätee muuten paitsi tuo nuorten lukio.  Kysypä taas TE-toimistosta. Mutta eikö aikuiset opiskele lukio-opintoja iltapuhteina koulunpenkillä istuen. 	 0.0002786543045658618
s24:2c1fcf8e1823832d4bdad585383c02ef 	 not-threat 	 Suomi24 kotisivulle  tuli mainoksia, vaikka on mainosten esto päällä. Tietosuojaraportti ilmoitti yhtenään estäneensä double clickejä, (mitä ne on?).Kun mainosta klikkasi, tuli ruutu, jossa muun muassa luki Flash media player, mikä piru se on? Mainokset häipyi ainakin toistaiseksi, kun käynnistin koneen uudelleen. 	 0.0002917425590567291
s24:ce9b70eff4a08e1a08e85c78f46b059c 	 not-threat 	 kannata paljoa popsia nitä pillereitä jos ei ole varma! Eikun kengän kärjet kohti terveyskeskusta. 	 0.013890544883906841
s24:e20871e17fc5d1de39bcbf83ba1be6ef 	 not-threat 	 "Totta turisit.  Hoitajat voivat olla väärässä. UH:n mukaan lähtivät mielellään lihallisuuteen langenneet ja saarnaviran menettäneet. Skinnari, Rapp, Saarenpää.  Siksi pitää ottaa ajan kanssa selvää ettei tee omakohtaisia hätäisiä päätöksiä totuutena huutelemaan. Voihan sitä sanoa miten asia on mutta ei tarvitse lähtemään mustamaalaamaan kumpaakaan osapuolta. Annetaan kaikille mahdollisuus palata sovintoon.  Vantaan johtokunta on tapauksessa Vantaa pidättänyt syytetyn. Syytetyn ""asianajaja"" on varma oikeasta olemisesta.  Voihan vääryyttä olla kummallakin puolella pidätettävässä ja pidättäjässä. (Näin 70 luvulla)." 	 0.0002799031208269298
s24:e69cc7050f871d21d69c732aba0d0d83 	 not-threat 	 Ainahan me jotain pientä huulta heitetään ja vaihdetaan pitkiä katseita hymyn kera. Tää ihminen ei kyllä mun vinkkejä kaipaa sillä kaikki on niin näkyvää... 	 0.000625716638751328
s24:724e1b4a696218b8d0280d667378e6b6 	 not-threat 	 Toi se nimenomaan on se suurin ongelma. Eli ei ole riittävästi pieniä asuntoja, kun rakentamisessa suositaan jatkuvasti isoja kämppiä. Täällä kun totta kai heti rasistit ovat riemuissaan huutamassa sitä miten musta mies saa heti kämpän ja suomalainen valkonaama ei, niin kyse on siitä, että esim. somaleilla on monesti isot perheet ja hakusessa isot kämpät. Kyllä niitä on. Mutta ei yksiötä hakeva somali mitään kämppää hetkessä saa. Ihan yhtä vaikeaa se on kenelle tahansa. Pieniä kämppiä ei vaan yksinkertaisesti ole tarpeeksi. 	 0.0008496733498759568
s24:ee82064c88a30af7b610d7a1be390cfa 	 not-threat 	 miehen tutkimukset  Onko muilla miehillä tutkittu kiveksiä kuinka tarkkaan lapsettomuushoidoissa. Mulle tehtiin vaan siemennestetesti, mutta kiveksiä ei tutkittu oikeestaan mitenkään. Jotenkin olisi kiva tietää löytyykö sieltä esim. ultralla ihan selkeätä syytä.? Miten teillä muilla? 	 0.001978563843294978
s24:24d3172609b12bd28f172fc4e5ac0384 	 not-threat 	 Vaatisi johtoon jämerän, rauhalisen ja esiintymiskykyisen henkilön. Nyt näin ei ole. 	 0.00037970280391164124
s24:d7d786ebf8c8aea2ead719b9a207523a 	 not-threat 	 Eiköhän kaikissa suhteissa tule niitä kuminauhavaiheita, kun lähennytään ja loitotaan.  Seksi ja halit ja suutelu onkin ihanaa, jos kukaan ei painosta. Minustakin edelleen lapsenkin jälkeen. Painostus ja toisen kyvyttömyys ymmärtää muuttuvia tilanteita sitä halua syö pois. Jos jäät kaikessa muussa mikä pitäisi olla yhteistä liikaa yksin, ei kauheasti tee mieli fyysistäkään hetken päästä. Kokonaisuus voi olla joskus kai hankalaa hallita. 	 0.0003551095724105835
s24:77e4bac958b3b0ee05efc4004f7c991f 	 not-threat 	 Ei, mutta se on aina kärkikolmikossa luotettavuustilastossa. Yleensä Mersu, tojo ja joku muu saksalainen. Ja Tojo on niistä halvin. Se kertoo kyllä laadusta. Toisaalta, nykyautot ovat luotettavia: tämä listan viimeinenkin on vuosikausia toiminut luotettavasti ja päässyt katsastuksesta läpi. 	 0.00028562519582919776
s24:0e7bfdad5a09aca6e7f824ab57f61a81 	 not-threat 	 Mielenkiintoista. Mitäpä jos antaisit nimiä, olisi mielenkiintoista keskutella heidän kanssaan asiasta. 	 0.00028054590802639723
s24:37ec7e6c110afd6c1ce744504cba828f 	 not-threat 	 No ON! Jos isallas ei ollut lapsia, niin et todennakoisesti tule saamaan niita itsekkaan. Selkea perinnollisyys! 	 0.00047839825856499374
s24:e677622e5521fb505677ebb2f206b57e 	 not-threat 	 Avaatko hieman tuota ajatusta, millä perusteella asunnon osuus kokonaisvarallisuudesta saa olla maksimissaan tuo mainitsemasi 15-20%? 	 0.0002743353834375739
s24:6ffe9c7b62f90b09482531b8d7615e8b 	 not-threat 	 Onneksi olkoon.  Moinen ajastus ei toimisi mulla mitenkään. Duuni on niin epäsäännöllisinä aikoina eikä aina ehdi edes syödä lämmintä safkaa. Kaamea nälkä ja sit tulee syötyä liikaa. 	 0.00443613575771451
s24:68035384d0fc1224c141c0655455ae36 	 not-threat 	 Siis ei p**k**e!!! V*t***aa koko elämän hankaluus. Kaikki karttaa ujoja miehiä. Jos sattuu olemaan samaan aikaan vielä ruma ja herkkä tyyppi (joka itkee koskettavissa elokuvissa...) niin silloin on lähes mahdotonta tutustua kehenkään oman sukupuolen edustajaan. Saati sitten siihen mysteeriseen vastakkaiseen sukupuoleen joka karttaa kuin viirusta. Siis ei p**k**e tätä vääryyttä ssaatanan saatanan saatana. Ja tällaista en tietystikkään pystyisi puhumaan kenellekkään kasvotusten, ja sekös vielä vituttaa! Pekka-Ericillä oli varmaan ihan samanlaisia ongelmia, mutta perkele kun se oli seko tyyppi SAATANA. PERKELE 	 0.020002633333206177
s24:2603ff411fd42bc3251aea2556af758e 	 not-threat 	 Hyvä 	 0.0002887999580707401
s24:d832ca8556a525c0f00aefed5f309cb7 	 not-threat 	 Joka kodista löytyy tensidejä, eli pesuaineita. Fairy-astianpesuaine on näistä yleisimpiä ja yllättäen kovimpia rasvan poistajia. Kuumaa vettä, Fairyä ja tiskiharja, siinä työkalut ketjurasvan poistoon. Pyörittele kampia taaksepäin ja pidä tiskiharjaa takavaihtajassa kiinni, välillä pesuainevettä lisää harjan mukana takapakkaan ja ketulle, kyllä paska alkaa valua pois. 	 0.0013135981280356646
s24:8349144ba63486156ffe5063bbf5fdef 	 not-threat 	 Oli. 	 0.000290371710434556
s24:74c308d4d787379e7132553d5ca4cc02 	 not-threat 	 Jos on mahdollisesti on jokin sairaus eikö olisi hyvä saada siihen hoitoa? Ja eihän erilaisuus ole huono juttu mutta se on jos sairastaa tietämättään jotakin eikä saa siihen hoitoa, se on syvältä. Miksi se sinua häiritsee jos muut täällä kehottavat Ap:ta hakemaan apua? Eikö se ole fiksuin ratkaisu tuollaisessa tilanteessa? 	 0.002250620862469077
s24:e337549735e076295192afa4b20dec3f 	 not-threat 	 Assin allianssimalli laukkaa auringonlaskuun  Nyt iski täysi paniikki on päälle. Assin suunnitelmat repesivät jäleen kerran ja nyt laastariksi tarjoillaan hät'hätää perustettavaa muutosryhmää, jonka pitäisi saada taas puristettua 40 miljoonaa kustannuksia alas. Mutta mistään ei kuitenkaan tingitä. Hokkus Pokkus. Ja valmista pitäisi olla tammikuun loppuun mennessä. Juosten ja kusten.  Assin allianssitaikoja huonolla menestyksellä ovat tähän asti loihtineet KH-sairaanhoitopiiri sekä Skanska, Sweco plus kolmen arkkitehtitoimiston työyhteenliittymä Integrated.  https://www.hameensa/REDACTED/alas-957581/ 	 0.0004882837529294193
s24:eae9d4b1afaf530ad03b1598be867dfe 	 not-threat 	 "Höpönlöpön. Kyllä minä ainakin väistän. Sellaisia teinityttöjä en kyllä yleensä väistä vaan kävelen ennemmin vaikka päin, kuin väistäisin niitä(=  Mielestäni taas ravintoloissa sellaiset reilusti yli parikymppiset miehet eivät väistä sitten kirveelläkään. Kun yrittää johonkin väliin ystävällisesti ""änkeä"" baaritiskillä tilaamaan juomaa, niin miehet eivät osaa olla pätkääkään kohteliaita, että väistäisivät edes vähän. Päinvastoin, leveilevät entistäkin enemmän." 	 0.0012128321686759591
s24:d352cbc9661b8890950864161624b56b 	 not-threat 	 tietokonekauppa on noviiseille pakkomyyntiä, ilman Vistaa/XP:tä et saa konepakettia kaupasta kovinkaan vähällä vaivalla. Ne jotka tietää tai kysyvät tajuavat ostaa koneensa räätälöitynä tai macin, jolloin pakkomyytyä windowsia ei tarvitse koneeseen ängetä. Tästä tuo maininta pakkoturvautumisesta. Kaikki eivät ole valveutuneita vaikka aivot omistaisivatkin, ikävä kyllä. 	 0.0004614630888681859
s24:a77cd4a6d0a4dc5bdd71b3a3fb75861a 	 not-threat 	 Jotkut ovat saaneet rasvoittumiseen apua sisäisesti syömällä muutaman porkkanan ja D-vitamiinia 20 mikrogrammaa päivässä.  Kanebo Sensai Smoothing Water Make-up Base on kuulemma toimiva meikinalustuote 	 0.00028002267936244607
s24:76bc288fb7b9149911386d0ecbad742b 	 not-threat 	 Hiljaa kulkevat noi suihkarit nykyisiin  Niissä käytetään diesel-perämoottoreita, jolloin voidaan käyttää tehokkaita äänenvaimentimia. 	 0.0003914487606380135
s24:c7023bc4e8fa3ab0ba1ced3e2b403147 	 not-threat 	 Arasola kulkee laput silmillä ja mitähän Jeesus sanoi näistä kirjanoppineista?  Adventistien mieliaiheet: 1. sapatti 2. sapatti 3. raamatulliset aikalaskelmat 4. salainen tempaus 5. helvetti 6. laki 7. pedonmerkki 8. Ellen White oikea vai väärä profeetta? -95% adventisteista uskoo EGW:hen  Arasolalla on valikoiva näkö ja kuulo sekä valheen ja uskottelun henki. 	 0.00039731842116452754
s24:8f6a843f7f9b80e7e59d25bc73ff7925 	 not-threat 	 Ihminen joka voi huonosti ei jaksa sellaista muutosta. Siinä on riittävästi että sopeutuu uuteen työpaikkaan, muuta ei jaksa. Jos joku ei sitä ymmärrä niin sille ei sitten voi mitään. 	 0.00031086706439964473
s24:2d082fc1f91990449810360626919604 	 not-threat 	 B-Kingiä tai sen enempää uuden busan tuloakaan...joutuu värkkämään itse paremman.  http://personal.inet.fi/cool/korppi/DSCN2160.jpg 	 0.0003889855870511383
s24:220f503165b6590c5bf51005cb671c10 	 not-threat 	 Irlanninvesikoiraa ei liene kenelläkään, koska sellaista rotua ei ole olemassakaan. Irlanninvesispanieli sen sijaan on. Vesispanieli ei suhtaudu muihin koiriin sen kummemmin kuin muutkaan, kunhan tottuu pennusta asti. Karvaa lähtee kyllä tiettyinä aikoina vuodesta. Pentuja syntyy vähän, yleensä max. pari pentuetta vuodessa eli pentua joutuu odottamaan koska halukkaita ostajia löytyy. Perinnöllisiä sairauksia... lonkat, silmät, iho- ja turkkiongelmat, jonkin verran imusolmukesyöpää. Ja luonteesta saa olla tarkka.  Ulkonäön vuoksi ei vesispanielia (kuten mitään muutakaan rotua) kannata ottaa. Kyseessä on metsästykseen tarkoitettu ja sitä kautta aktiivinen rotu.  Tietoa rodusta löydät esim. www.irlanninvesispanielit.fi ja sieltä linkkien ja kasvattajien kautta lisää. 	 0.0002747444959823042
s24:860b457887709d19ada548db25ad3f28 	 not-threat 	 muuta sinulle ei tarvitse eikä pidäkään vastata:  Room. 10:9 Sillä jos sinä tunnustat suullasi Jeesuksen Herraksi ja uskot sydämessäsi, että Jumala on hänet kuolleista herättänyt, niin sinä pelastut;  Tuo riittää minulle, ja juuri noin minä olen toiminut. 	 0.0002978113479912281
s24:799542090ae68c7b27aa32935ba88ddb 	 not-threat 	 Hyvää ensimäistä adventtia ja huomenta kaikille. Kynttilät ikkunoilla loistavat ja jos jonkinlaisia enkeleitä ja tähtiä näkyy, huomaa että valoa ihmiset kaipaa. Kuukausi vielä ja päivä alkaa pidentymään ja sitten voi jo aurinko useammin pilkistellä. Joulukuu huomenna alkaa ja sen myötä hyörinä lisääntyy, kaupat ihmisistä täyttyy ja ilmeet kiristyy kassa jonoilla. Eilen kävin tuossa lähikaupassa ja väkeä oli yllättävän paljon, kun on pieni kauppa ja paljon tavaraa ei tungokselta välty, ihmeesti vaan pystyvät valikoimaa suurena pitämään.  Tuosta uudesta laista en jaksa enää puhua, kai jokainen omaa mieltään kuuntelee ja sen mukaan ratkaisun tekee, liikaa huomiota kyllä sai, kun paljon muutakin tärkeää olisi, epäkohtia monen asian vuoksi on ja mielenosoituksia voisi järjestää monen asian kohdalla. Olin eilen kuuntelemassa oman kansanedustajan kertomaa ja paljon olisi korjattavaa, mutta eipä yksi ihminen saa ääntään kuuluviin eduskunnassakaan, vaikka kuinka hyvät perustelut onkin asialle, enemmistö on asian puolesta saatava. Onneksi jotakin myönteistä hänen kertomassaan on meidänkin paikkakunnalle.  Niinhän ne alkaa nuo talviset seurattavatkin taas vuoroaan odottavan, lunta kuitenkin pohjoisessa niin paljon, että onnistuu hiihtoladulle ja mäkeen mennä. Keinoluntako lienee, en tuota säätä sillä suunnalla niin tarkkaan ole kuunnellut. Harmaus taivaalta näyttää ohentua täällä meilläkin.  Merihuisku kovin tunteisiin vetoavan laulun linkin laittoi, hyvä on sanoitus ja asiaa kertoi. Toivottavasti noita kokemuksia ei enää tarvitse kokea.  Joskus alkoholilla voi kuntoaan kohentaa, pieninä annoksina lääkitykseen sopii, flunssan hoidossa oiva apu, villasukkien lisäksi;) Sen havainnon olen elämän matkan aikana oppinut, että jalkojen lämpiminä pitäminen on hyvä ehkäisy kaikkiin vaivoihin. Sukat jalassa tepsuttelen sisällä, vaikka muuten ihan lämmintäkin olisi. Mukava ajatella, että Latellakin uudessa asunnossa alkaa olla valmista, pianhan ihminen uusiikin oloihin mukautuu, paikat tavaroiden olinpaikasta mieleen muistuu.  Hoosiannaa on kuunneltava, on se niin mieltä herkistävä tapaus, sama liikutus vuodesta toiseen, mikä siinä lienee? Katuvalot sammuivat juuri, päivää kai sitä jo elellään, nyt näyttää melko selkeältä, tiedä vaikka aurinko pilkistäisi, hyvää päivää, auringon esiintuloa toivotan kaikille;) 	 0.0002841005043592304
s24:025408c6230064be79bf160c198c6ca1 	 not-threat 	 Sanasingosta ei häviä. Postaa sinne. 	 0.0002931374474428594
s24:be064b979ab14ab3b0841069db8ce9f1 	 not-threat 	 Työkkäri pisti mut työkyvyttömäksi täysin vaikka olen täysin työkykyinen. Työkkäri ei usko terveystarkastusta johon menin itse, Ne ettii musta vikoja jotta ei tarvii maksaa työttömyysrahaa jotta kunta säästää sakkomaksuissa. 	 0.003254756797105074
s24:81627ed7cbed31cd023ed1498bede32b 	 not-threat 	 Kieltämättä Kekkoslovakian aika oli hyvä. 	 0.00036702456418424845
s24:e9b40026cc24dc47972040a4a8e4b566 	 not-threat 	 Kaikillehan tuo selvää on ollut paitsi Kiemungille joka Sarin kanssa piirtää keskusta kehi-visiota lyijykynillä. Välillä rypistetään paperit ja hihitellään että tuopa oli hupsu ajatus. Sitten maistellaan vähän kampaviineriä. Keskustan kehi-ryhmä eroaa päiväkodista siinä että sieltä maksetaan palkkioita, muuten touhu on samanlaista mutta tarhan täti tarvittaisiin ohjaamaan touhua. Sitten naamat näkkärillä ehdotetaan että hupsu robottiparkki-idea toteutettaisiin kaupungin rahoilla ja velaksi tietysti. 	 0.0004501477815210819
s24:42d4c11b7945595522498a4d5cf4e442 	 not-threat 	 miten sinä masturboit?!?  tuli tuossa äsken mieleen että: Miten SINÄ masturboit/tyydytätä itseäsi?? Tämä on vain naisille!!! 	 0.013642929494380951
s24:cc5af553ddf55edbaaf4f25238650efd 	 not-threat 	 mut tapahtumat lukee täälä http://www.nintendo.fi/ itse olen käynyt nintendon tapahtumassa siel sai valita näistä pokeist: pikachu suicune entei raikou charizard ho-oh lugia latios latias articuno ja ne oli kaikki 70lv. mä sain ligth ball:in ja ne sai näille peleille:lg/fr e/sa/ru 	 0.00037211726885288954
s24:326ac30235f9c0bee2ae3a59fe16a1a2 	 not-threat 	 Jenkkien oma Rakettimies kun pieraisee, 49% kansasta menee ekstaasiin. Kuinka kansa voi olla noin manipuloitavissa? Vallanhimo sokaisee.. 	 0.00934832263737917
s24:b600d451674e48b3e2426fe507111a0a 	 not-threat 	 Kiviniemen laulut ovat muuttuneet. Saattaa olla ettei keskusta enään nouse suosta johon se on vajonnut ??!! 	 0.0005114757805131376
s24:4fa9c14f46e1bbf9c8e7b1449af91f53 	 not-threat 	 HULKILTA evättiin EM-kisat  Arvon tuomarit teki sen taas. Vihreä mies oli ajoittanu kunnon em-kisoihin ja nyt häntä ei sinne valittu. Kävi toistamiseen tämä. Onko tämä selvä vihje Hulkille? Pidä kaksi vuotta taukoa kisoista, tule isompana ja kireämpänä. Lights Out! 	 0.0003427981573622674
s24:46061bbe1bf85dda358f0b7e192bfd31 	 not-threat 	 "Hyvää päivää pioneeri, sinullekkin. Luuletko itse olevasi elämän ""suola"". Jos olet katkera ja vihaa täynnä oleva entinen punakaartilainen, niin se sinun oma murheesi. Kyllä taivaan Isä osaa sinunlaisiakin nihilistisiä lohduttaa ja vieläpä erityisen ja erikoisin rakkaudellisin sanoin. Ja sitäpaitsi, te apinat olette ihan itse osanne valinneet, joten älä ala ulisemaan, siis häpeä.  ps. ketä sinä luuleet hämääväsi, kerro?" 	 0.006098166573792696
s24:b21413042fe211b39504ba7811de5027 	 not-threat 	 Vaikeempisanoo näin suoraltakädeltä,;) Yleensähän naisetkyllä pitää tylsänä miestä joka ei juopottele ja pullistele itsetuntonsa kohottamiseksi, Heheh, T:siipeensaanut, =;) 	 0.0005922390264458954
s24:cf66807c1b23b78c52389df8d5fc813c 	 not-threat 	 en ole kiinnostunut läheisempään yhteyden pitoon.Tämä saa riittää. 	 0.0002830239827744663
s24:48648ea2219655353c253d4b4602fb45 	 not-threat 	 Mulla on ollut 3 ja puoli vuotta rekisteröimätön valkoinen paimenkoira ja voin suurella lämmöllä suositella sitä.  Rauhallisempi kuin belggari,mutta täysin kykenevä kaikenmoiseen koulutukseen.Himassa myös rauhallinen,lempijuttuja köllötellä mun päällä koko pituudeltaan,kun makaan sohvalla.  Tutustu kasvattajiin ja koiriin.Toivottavasti löydät itsellesin sopivan valkoisen.Upea rotu! 	 0.00034106054226867855
s24:53521ed1b3bb601b53a674065b23d9a1 	 not-threat 	 Äsen Ylen uutisissa: Lapin käräjäoikeus on hylännyt syytteet luottamusaseman väärinkäytöstä Levi Ski Resortin toimitusjohtajaa Jouni Palosaarta vastaan.  Montakohan minuuttia menee, kun joku syytteessä oleva poliitikko tai hänen joojoo-miehensä julistaa, että heidänkin syyttensä hylätään. Niinhän ei tule käymän. Tuo J. Palosaaren juttu todistaa sen, kuinka harkintakyky petti Mäkelän potkuissa. Eikähän tuo käräjäoikeuden tuomio välttämättä ole se viimeinen, voihan se mennä vielä hoviin. 	 0.0002775108441710472
s24:e86806c9382f52e6a82a01c14120802c 	 not-threat 	 Ei ainakaan Chrome tyrkytä. Se aina kysyy että avataanko mobiilisivu vai tavallinen. 	 0.0002902609994634986
