s24:61ee93134da91f37a4505a7daba151ae 	 not-severe_toxicity 	 Eik√∂ viel√§k√§√§n vituta vai eik√∂ en√§√§ kiinnosta? Nooh, miss√§s on ne uhoavat savolaiset? Kalpa ei koskaan nouse mitalipeleihin. Hah hah haa...!!!!!!!! 	 0.024398088455200195
s24:ec89f7a4ebc9de186a158a6870b50825 	 not-severe_toxicity 	 t√§m√§ paska. Vittu mik√§ chatti t√§√§ on, aikuiset ihmiset datailee 24/7 t√§√§ll√§. 	 0.13608615100383759
s24:ec0ff40bcca677e7c71e9bfcff5662f7 	 not-severe_toxicity 	 Mit√§ vittua s√§ t√§√§ll√§ kitiset jostain photoshopista jota useimmat tavalliset ihmiset ei edes k√§yt√§? Mee takas Sodat-palstalle itkem√§√§n kuinka Ubuntulle ei ole natiivia photoshoppia! 	 0.3114038407802582
s24:32cc2904b42cb9a757b33870d5a72bb1 	 not-severe_toxicity 	 J√§t√§ tuollaiset luuserit! Ei niist√§ √§idin pikku vellihousuista mihink√§√§n ole. Munaa ei ole yht√§√§n ei edes housuissa... 	 0.0717756524682045
s24:da375ee50acbbf53f65ad3d91d1d08e2 	 not-severe_toxicity 	 Ei helvetti. Ala sin√§kin aloittaja rehdisti homostelemaan!! Se on miehek√§s valinta!  Vaikka ei ruma miesk√§√§n toista rumaa miest√§ huoli. Selin on naamasta kiinni saatko persett√§. Se on Fakta. 	 0.3605053126811981
s24:468d5a7f34ddefdb578bd5035a8b1c3c 	 not-severe_toxicity 	 pyllyreik√§√§ nuolen  Aina kun rakkaan naiseni kanssa harrastamme sexi√§ Eukko pyyt√§√§ mua nuolemaan sen pyllyreik√§√§. Min√§kin tykk√§√§n siit√§ puhdas ryppyreik√§ on namia. Nuolen sit√§ ja klittaa v√§lill√§ ja muija saa ihania v√§ristyksi√§... Ty√∂nn√§n kielenkin pyllyyn, aaah... Kannattaa kokeilla, suosittelen todella. 	 0.14136894047260284
s24:e5423289869e56c84aaa01c8b3341b04 	 not-severe_toxicity 	 Tsahaloo..ostappa lahjaksi sukat 45 egee,,,voihan vittu mik√§ √§lynkukkanen. Kenell√§ el√§kel√§isell√§ on varaa maksaa moisia hintoja????ei kell√§√§n. T√§√§ll√§ ei ole kuin yksi lahjatavaraliike jossa myyd√§√§n Tokmannin kr√§√§s√§√§ ja k√§pytonttuja hurjaan hintaan ei kiitos.Olihan t√§√§ll√§ ennen Miamore laadukkaita Kauko-Id√§ss√§ tehtyj√§ juttuja jotka oli K√§rkk√§isen alelaarista hankittu ja hyv√§uskoisille #Kunigaskuntalaisille...hah mik√§ vitsi!!!!!!# kallilla eteenp√§in kaupiteltu.√Ñlk√§√§ antako kr√§√§s√§nmyyjien kusettaa itse√§nne.Hankkikaa laatulahjoja laadukkaista nettikaupoista siit√§ on iloa pitk√§ksi aikaa toisin kun made In China sohvatyynyst√§ jonka tekodiamantit eiv√§t kest√§ edes konepesua saatikka el√§m√§√§. 	 0.04432040825486183
s24:96d59703d3913840669d1c777dcb7031 	 severe_toxicity 	 Suvakkien mollaus ei muuta sit√§ tosiasiaa, ett√§ j√§rkk√§rin tai muiden hakkaamista EI OLE tapahtunut. Ihmeellist√§ kusihousu sakkia nuo suvakit. Mutta suvakki on tyhm√§ mik√§ tyhm√§. Odinit ovat sent√§√§n miehi√§, toisin kuin r√§k√§nokat jotka huutaa lasisti, lasisti. (r kun ei osata sanoa) 	 0.036726947873830795
s24:15bf3ed061a24d30ef7b71628173e911 	 not-severe_toxicity 	 Haista paska 	 0.7889454960823059
s24:15bf3ed061a24d30ef7b71628173e911 	 not-severe_toxicity 	 Haista paska 	 0.7889454960823059
s24:d14e7d51d9227ed5fe9f2b181d4cd009 	 severe_toxicity 	 et ole mink√§√§n arvoinen. olet pelkk√§ halpa huora. √Ñmm√§ joka ei ole uskollinen on pelkk√§ lehm√§, jota ei tarvitse kohdella ihmisen√§ 	 0.4412890374660492
s24:367482a1b08ae6676950a2c3219f7375 	 not-severe_toxicity 	 Niin ja v*tut viserr√§ tolloista siitt√§jist√§si. Mene muiden nuorten pariin ja ala el√§m√§√§n oikeaa el√§m√§√§! Siell√§p√§ tolliskot √§llistelk√∂√∂t omissa oloissaan. Kunhan vain antavat euroja sinun mopoharrastukseesi. 	 0.39734408259391785
s24:91536ebc80667c459699cb6389813b1d 	 not-severe_toxicity 	 HAISTA ITE ! 	 0.004964538849890232
s24:a9150931f5145f601cfc19b614c49752 	 not-severe_toxicity 	 Olen t√§ysin samaa mielt√§!! Mielest√§ni on rumaa oman lapsen vakavat sairas jutut levitt√§ iltap√§iv√§ lehdille.. Jos mun √§iti olisi tehnyt noin olisin raivoissani! Kaikki miss√§ Sanna pallonaama ontai esiintyy en voi edes kuulla tai katsoa.. Y√∂k√∂tt√§v√§ √§mm√§. 	 0.019594913348555565
s24:67b14ca9b2fb43c5f1ad8ece2ae2b301 	 not-severe_toxicity 	 Te kotik√∂kit jatkatte paskaponuanne metanolilla ja voin taata ett√§ sanomista tulee. 	 0.039849720895290375
s24:890ad7595f8368055179689fa30097e2 	 not-severe_toxicity 	 Tai sitten s√§√§ oot vaan niin vitun tyhm√§, ett√§ ostat niin kalliita kenki√§! 	 0.8078300952911377
s24:46459c74befba3e405233f483ede98a4 	 not-severe_toxicity 	 no ett√§ jostain aloittais?!?! esim. vuorotellen kuumaa suklaata ja j√§√§palaa naisen vartalolle! aloitellaan niskasta ja edet√§√§n HITAASTI alasp√§in ( eih√§n oo kiire mihink√§√§n !?!?!) huom! klitorista saa kiusata j√§√§palalla VAIN lyhyen ajan kerrallaan !!! kuuma suklaa kest√§√§ pidemp√§√§n ja MUISTAKAA nuolla ja sormilla levitt√§√§ naisen JUMALAISTA kiimanestett√§ OIKEISIIN PAIKKOIHIN t√§m√§n t√§st√§ ..... HYV√Ñ TULEE !! 	 0.014399622566998005
s24:d890cd7ba667870fbbdc0e7ee07034f7 	 not-severe_toxicity 	 "Olen nyt usean p√§iv√§n kyt√§nnyt suksitehdasta ikkuna auki vapaa-aikoinani havaitakseni h√§irint√§√§. Eilen kello 20.02 sielt√§ kuului voimakas ""HEP"" √§√§n√§hdys, v***u ett√§ v*****a. V***n suksitehtailijat." 	 0.023493804037570953
s24:319d0129f62b917b97949f80ba8257fb 	 not-severe_toxicity 	 KOETAN PELASTAA SUOMALAISTEN EL√ÑMI√Ñ!!! OLE KILTTI ITSELLESI JA TUHOA SE PELIKONEESI, ENNEN KUN SE VIE EL√ÑM√ÑSI TAI AINAKIN PILAA SEN!!!  TYHM√Ñ WII PILAA JO L√ÑHEISTENI EL√ÑM√ÑN, KIITOS SEN OUDON OHJAUKSEN!!! KAIKKI PELIKONEET ALAS!!! MONIEN SUOMALAISTEN, ETENKIN NUORIEN EL√ÑM√Ñ TAKAS!!!  TULEVAISUUS ON VAAKALAUDALLA!!! KOHTA KENELL√ÑK√ÑNN EI OLE OIKEATA EL√ÑM√Ñ√Ñ!!! 	 0.020200802013278008
s24:120b409cb573d2b743a767fdd61730ff 	 not-severe_toxicity 	 "Cloud tilasi amerikasta 60 euroa maskavan muotilippiksen. ""ONPA UPEA!"" kehui Tifa n√§hdess√§√§n lippiksen. ""Vitut kiinnostaa"" vastasi Cloud." 	 0.01671282760798931
s24:4579931cf8b976012819891c5f81665e 	 not-severe_toxicity 	 S√§ et ollu ees syntyny ku juice sen teki ja siihe aikaa ei ollu tindereit vitu p√∂lj√§. 	 0.11567231267690659
s24:65ceda2d67a73974114495e0af086347 	 not-severe_toxicity 	 Doc √∂tkerin oksennuksia ei sy√∂ kuin koirat ahmien, kun juusto on paskaa pakastettuna?ü§™ü§™ü§™ü§™ü§™ 	 0.007305515930056572
s24:091aff1f1f2627772f8edceb35e7d511 	 not-severe_toxicity 	 √Ñl√§ harkitse koomikon uraa, perheesi kuolisi n√§lk√§√§n... 	 0.047118205577135086
s24:24de56291bd408b74129478bc5f6d5d4 	 not-severe_toxicity 	 Luuletteks vittu ett√§ joku laittaa viel√§ t√§n√§ p√§iv√§n√§ hein√§t seip√§√§lle. 	 0.20096807181835175
s24:36130e6b472081659f7597d3b437af63 	 not-severe_toxicity 	 T√§√§ on aika hyv√§:  Mrs Weasley: NOT MY DAUGHTER, YOU BITCH! 	 0.2061179131269455
s24:36130e6b472081659f7597d3b437af63 	 not-severe_toxicity 	 T√§√§ on aika hyv√§:  Mrs Weasley: NOT MY DAUGHTER, YOU BITCH! 	 0.2061179131269455
s24:9c7f890d3201ae5e2868d0388b96f96d 	 not-severe_toxicity 	 "Mestist√§/tsekki√§/Frasmannia2/l√§tk√§t.  AC Sparta Praha-FC Ban√≠k Ostrava (tulosarvio 2:0) 64 % 21 % 15% K:1.47. 2.67 MANCHESTER UTD (ENG) 2.65 BARCELONA (ESP) CS Sedan Ardennes-Racing Club de Lens (Tulosarvio 1:2 )24 % 28 % 48 % K:2.40. B ETHNIKI Kreikka. Hieno 1.22 kerroin. Atromitos Peristeri-Kalamata FC(Tulosarvio 2:0)59 % 24 % 18 % 1 ja svenskamammaa. ≈êrgryte IS-IF Brommapojkarna (tulosarvio 0:2) 12 % 19 % 69 % K:2.55. Djurg√§rdens IF FF-GAIS G√∂teborg (Tulosarvio 1:2)24 % 28 % 49 % K:2.87 Ja namupala huonolla. BSC Young Boys Bern-FC Vaduz(Tulosarvio 3:0)75 % 17 % 09 % (T√§h√§n dumpataan rahaa ja sitten itket√§√§n.) Mm-l√§tk√§√§. 1.55 UNITED STATES 6.50 FINLAND pakko yhtee flipariin tolla kertoimella. Pienell√§.Vitun centtu, nappas pois jenkit. Olkaa hyv√§ jos jotai l√∂ytyy. Peli ""onnea. """ 	 0.006032164208590984
s24:9c7f890d3201ae5e2868d0388b96f96d 	 not-severe_toxicity 	 "Mestist√§/tsekki√§/Frasmannia2/l√§tk√§t.  AC Sparta Praha-FC Ban√≠k Ostrava (tulosarvio 2:0) 64 % 21 % 15% K:1.47. 2.67 MANCHESTER UTD (ENG) 2.65 BARCELONA (ESP) CS Sedan Ardennes-Racing Club de Lens (Tulosarvio 1:2 )24 % 28 % 48 % K:2.40. B ETHNIKI Kreikka. Hieno 1.22 kerroin. Atromitos Peristeri-Kalamata FC(Tulosarvio 2:0)59 % 24 % 18 % 1 ja svenskamammaa. ≈êrgryte IS-IF Brommapojkarna (tulosarvio 0:2) 12 % 19 % 69 % K:2.55. Djurg√§rdens IF FF-GAIS G√∂teborg (Tulosarvio 1:2)24 % 28 % 49 % K:2.87 Ja namupala huonolla. BSC Young Boys Bern-FC Vaduz(Tulosarvio 3:0)75 % 17 % 09 % (T√§h√§n dumpataan rahaa ja sitten itket√§√§n.) Mm-l√§tk√§√§. 1.55 UNITED STATES 6.50 FINLAND pakko yhtee flipariin tolla kertoimella. Pienell√§.Vitun centtu, nappas pois jenkit. Olkaa hyv√§ jos jotai l√∂ytyy. Peli ""onnea. """ 	 0.006032164208590984
s24:cf0d013cdb8b936cafedb2d02b449541 	 not-severe_toxicity 	 Pascac√∂cc√§reet ovat perseest√§. 	 0.6907944083213806
s24:35f3d2a1c3524aebbc69cef8943e5ebb 	 not-severe_toxicity 	 voisit laittaa turpaansa kiinni. 	 0.0011270107934251428
s24:7f3fe4d000704dd4c4d3fa41bdba4d0b 	 not-severe_toxicity 	 Ihan √§kkiselt√§√§n tulis mieleen joku yl√§puustin yli-ik√§isist√§ nuorisorikollisista! Vittu mit√§ narkkipellej√§! 	 0.16714021563529968
s24:76b45f4b52ce3999005443ab91352844 	 not-severe_toxicity 	 "JA SE T√ÑRKEIN JUTTU!  Miehen√§ olen oppinut ett√§ jos et pyri seksiin mit√§ pikemmiten suomalaisten nykynaisten kanssa niin olet munaton nysv√∂ tai enint√§√§n sit√§ surullisenkuuluisaa ""kiva mukava mies ja vain kaveri"" materiaalia.  Mieskin etsii parisuhdetta johon kuuluu osaltaan seksi. Itsekkin etsinyt rauhallista (sori v√§√§r√§ sana, tied√§n tosi vitun tyls√§√§!!!!!!) luotettavaa (joo, sori huo-rat ei kelpaa) ja fiksua (jolla on empatiaa ja ajattelee v√§h√§n muutakin kuin omasta perseest√§√§n l√§ht√∂kohtia).  Veikkaan ett√§ sellaista ei l√∂yd√§ kuin mielett√∂m√§ll√§ s√§k√§ll√§, mutta samaan aikaan naiset ei tajua miten helppoa se heille olisi kun v√§h√§n edes yritt√§isiv√§t...mutta ei." 	 0.03904401883482933
s24:17f15d3c7533a45ad45ec9cc595ce020 	 not-severe_toxicity 	 Lieksalaisia kusetetaan. Ensin Simo Hurtta ker√§√§ veroja ja panee jokaisen talon naisia. Sitten tappaa tai mestauttaa niskuroijia 50 vuoden ajan. Sitten tulee Soile Syrj√§l√§inen ja somalit. Lopullisen kliimaksin kruunaa pakolaiskeskus. Olen monesti sanonut lieksalaisille, ett√§ LOPETTAKAA se herrojen perseen nuoleminen ja vaatikaa se mik√§ kuuluu kantav√§est√∂lle ja kansalaiselle. 	 0.1564285308122635
s24:b06796de8bcf1da9a332f5089da98b25 	 not-severe_toxicity 	 ajelutan pimpan karvat miehell√§ni 1 kk ja aina kaikki pois,pimppani vaatii sit√§ ja mieheni nuolee ja panee sit√§ innoissaan paljaat isot h√§p√§rit on kauniit,onneksi kauniita ajeltuja pilluja n√§kee esim. uimahalleissa. 	 0.032520368695259094
s24:592e70bf41464a94b221e1e5b655e7f1 	 not-severe_toxicity 	 ootko koskaan koittanu polttaa takapuolesi karvoja. hmm 	 0.004942425061017275
s24:597c2e5da5287ee728497c0f184e57e1 	 not-severe_toxicity 	 Kokeile jos saat paremmat kiksit jonkun hintti tuiskun huohotuksesta. 	 0.07590698450803757
s24:7410cdbcae39a358bfd970cf19c794e9 	 not-severe_toxicity 	 iso kulli, raju orgasmi ja hurjasti spermaa joten j√§tk√§st√§ taitaa olla muuhunkin kuin tiskaan...!!! 	 0.09915769845247269
s24:42892751c8929995c8d1c55e925278b1 	 not-severe_toxicity 	 mutta jos ei halua pelkk√§√§ pano seuraa niin ei kelpaa kummiskaan rumalle √§tmillekk√§√§n? :( 	 0.0029486988205462694
s24:d825f07473908b6d79af5b0fd7542908 	 not-severe_toxicity 	 √Ñl√§s nyt kuolaava √∂ykk√§ri... 	 0.00385052477940917
s24:2490e0d1d958969611a0aa436c8e2a42 	 not-severe_toxicity 	 Ven√§l√§iset pelk√§v√§t Kadyrovin paskat housuissa!  Miten kananhousu ven√§j√§ uskaltaa uhoa Amerikaa??? Se on vain sen vuoksi ett√§ US mahti ei niin murhahimoinen kun varkaita ven√§j√§lt√§. Ven√§j√§ pelk√§√§ pienista Chechenian kansasta paska housuissa. Kun hyvin maailmalla tunettu MMA mestari Emeljanenko kritisoi Kadyrovin j√§rjest√§m√§ lasten kampailulaijen tapahtuman. Fjodor Emeljanenko heti pysi anteeksi ett√§ j√§√§ eloon. Chechenian kansa vaja 4 miljoona. Ven√§j√§ voi hy√∂kk√§ heikk√∂j√§ ja asettomia kansoja vastaan. 	 0.025871841236948967
s24:9d27d4c27a798a5aee8291bba1947001 	 not-severe_toxicity 	 Wow....sulla vois menn√§ el√§m√§ kyl paremmin. -_- viiden t√§hden kusip√§√§....congratulations! 	 0.05782755836844444
s24:ebc1bf5c727e2d4a2ef0bae08cb61ddf 	 not-severe_toxicity 	 "Id√§ss√§ √§iti on vanhastaan ollut √§mmi. ""Kyselev√§t √§mmilt√§ onko maito l√§mmint√§"", oli jossain vanhassa laulussa. Lapset eiv√§t kysellet monelt√§ √§mm√§lt√§ vaan √§idilt√§." 	 0.03550586476922035
s24:b6924fd3fd69136bf8465089257cbfe9 	 not-severe_toxicity 	 Panssarivaunu pudotetaan laskuvarjon varassa xD  Vittu siis niiQ varmaan TOSI HYV√ÑPELI HEI!?!?!?+12+1 	 0.2285572588443756
