s24:4e1e36cd1275419b43036c7b87574ace 	 not-obscene 	 Ootko sin√§ se mies pusikosta joka kirjoittelet t√§nne....:)? 	 0.1854851394891739
s24:65ebdc0835de9e1a2e20be7604eb813b 	 not-obscene 	 Ai Sin√§? Just just, kyll√§h√§n Sinulle aina lainaa annetaan Skodan korjaukseen. 	 0.0023929099552333355
s24:1f4b6cabd14ca1dd7674eea16b04ec74 	 not-obscene 	 kuka olet! 	 0.001327177626080811
s24:aeaf332cfab95512f8bd9e26f1e342eb 	 not-obscene 	 ONGELMANA on Koskim√§en mukaan se, ett√§ uhrit eiv√§t vaadi tekij√∂ille rangaistusta tai j√§tt√§v√§t tapahtuneen ilmoittamatta.  ‚Äì Asioista pit√§isi ilmoittaa poliisille tuoreeltaan, jotta asianomaiset henkil√∂t saataisiin kiinni. Omille lapsille pit√§√§ neuvoa, ett√§ t√§llaista ei tarvitse hyv√§ksy√§.  Lainattu polliisin kirjoituksesta t√§n√§√§n iltasanomat, niin t√§h√§n jos voisi vaikka lapualaiset ym. vastata. Mik√§ t√§ss√§ m√§tt√§√§, ketoisiko n√§m√§ katupartio ntseille mieluummin kuin poliisille?? 	 0.0007666766759939492
s24:dca1cdb7d38599cdb09ce0916d252359 	 not-obscene 	 Pahalta. Jotenkin mahdottomalta. 	 0.001369359903037548
s24:7f596106e6fe58e726018884287ed249 	 not-obscene 	 Minusta tuntuu ett√§ Kotkan srk on kaupunkimaisin ja ehk√§ vilkkaudeltaan pienin? Voin olla v√§√§r√§ss√§kin. Kymi vissiin vanhin ja ehk√§ perinteikk√§in. 	 0.0009756961953826249
s24:957d3eeb3af4755e8515d7380124a0d9 	 not-obscene 	 Kyll√§ t√§m√§ on ihan mormonismin mukaista. Brigham Young tosiaan opetti, ett√§ miehen on otava moniavioinen p√§√§st√§kseen Jumalaksi. Olen kysynyt pariin kertaan t√§ll√§ palstalla, onko se edelleen kirkon virallinen kanta, mutta en ole saanut vastausta. Saattaa siis olla mahdollista, ett√§ sellainen mormonimies joka jostain ihmeen syyst√§ ei haluaisi useita vaimoja p√§√§see Jumalaksi my√∂s yhden vaimon kanssa. Jumalan on kuitenkin ehdottomasti olatva naimisissa. Mormonit opettavat, ett√§ t√§m√§n Tellusplaneettamme Jumalalla on vaimo.  Uskontoja on tosiaan moneksi... 	 0.0007543183746747673
s24:1036c4f23d91b36d9790c2504ac1671f 	 not-obscene 	 Ihan ok-paikka. Kauniita naisia, esitanssijoita. Paikalliset miehet aika vaatimattoman n√§k√∂isi√§, suomalaisen on helppo erottua joukosta pelk√§st√§√§n jo pukeutumalla ja vaikkapa hiusten laitolla. 	 0.000750066596083343
s24:e989741589bc094ee4f9c8b517cf5afc 	 not-obscene 	 Ei oo kyl l√∂ytynyt montaakaan ostettavaa asiaa.. eip√§ tuu kyl juuri en√§√§ k√§yty√§k√§√§n. 	 0.0013329637004062533
s24:567d86100df34fa56f558b852f10fcd8 	 not-obscene 	 "Pakettikonetta, vaan olen rakentanut koneet Windows 95 l√§htien tarpeisiin sopivaksi, joten ei ole kokemusta ""valmispakkauksista"" ja kaikki ukkunat olen k√§ynyt l√§pi, jopa nytkin on viel√§ t√§m√§n koneen toisella kiintolevyll√§ Windows 2003 serveri, mutta kyll√§ ""hypp√§sin"" Vistan yli Windows seiskaan ja nyt koitan t√§t√§ Fedora 13 ja ensi tuntuma on OK !" 	 0.0007493107113987207
s24:fc06baf84e200c5baefd830fc4047c2f 	 not-obscene 	 mineriittilevyn purku  Tarkoitus poistaa 1 1/2 kerroksisesta ok-talosta mineriittilevyt. Antaisitteko tietoa mineriittilevyjen poistosta mit√§ firmoja olette k√§ytt√§ny? ja talojen neli√∂m√§√§r√§√§? vai miten hinta m√§√§r√§ytyy? Levyjen pois kuljetus? Hinta? Purkuty√∂n kesto? Kiitos kaikille asiallisen viestin laittaneille. 	 0.0007681198767386377
s24:c882089af0f6579d642c1ddce203f9a8 	 not-obscene 	 Vahinko, ettei oo sama ilme. fotos http://kuvapilvi.fi/k/yzUl.jpg o klyyvari (nen√§) vinos & o v√§rj√§nny fledansa siniseks. Mik√§li foto ois samoil ilmei, vois sanoo joo, sama mimmi 	 0.0017897664802148938
s24:d158321fce73a58794120956f1ec8022 	 not-obscene 	 No VGA detected.  Otsikon mukainen teksti tulee ruudulle n√§yttiksen√§ HD6870, jota en ole aiemmin k√§ytt√§nyt.  Toinen n√§yttis toimii hyvin. Emo: Asus P5QL Pro 	 0.0007477688486687839
s24:ea196d873e68c24a072100c8d3e03aaa 	 not-obscene 	 Roin hyv√§t/huonot asuinalueet??  eli mik√§ JEEES JA mik√§ NOUUUU 	 0.0017149720806628466
s24:e991674db7edb9fddee5720995a308c3 	 not-obscene 	 Espoolaisina teimme SUUREN virheen ja muutimme aikoinaan kivenlahdesta nummelaan! Nyt olemme asuneet puolisen vuotta Kirkkonummella, eik√§ kaduta yht√§√§n muutto t√§nne. 	 0.0015660431236028671
s24:e3fbaa12eb4e485e7613d20eecf66a0e 	 not-obscene 	 J√§tskinn√§lk√§√§n ostan silloin t√§ll√∂in pakkaseen parin euron pakkauksen, jossa on kuusi tuuttia. J√§tskikiksalla kuulemani mukaan yksi pallo voi maksaa jopa 4 ‚Ç¨.  http://www.youtube.com/watch?v=z4OLmjkIUPw 	 0.0017447186401113868
s24:f1ec89cb48ba8df8572c6467c73d7697 	 not-obscene 	 rahalla korvaamaton. Ymm√§rsin tarkoituksen ilman korjaustakin.  Kiitos sinulle palautteestasi : ) 	 0.0007526571280322969
s24:5264a9cd1e3f812d6159074d5851960f 	 not-obscene 	 "Voi l√∂yt√§√§, jos haluaa l√∂yt√§√§. ""H√§n on m√§√§r√§nnyt t√§htien luvun, h√§n kutsuu niit√§ kaikkia nimelt√§"" (Psalmi 147:4). Ja kyll√§ jo luomiskertomuksessa kerrotaan, ett√§ Jumala teki t√§hdetkin." 	 0.0007494903402402997
s24:f456711a5dcb159e3498566579c86a21 	 not-obscene 	 "Helposti punastuva  ""Helposti punastuva voi ottaa avukseen turkoosin, lapis, lazulin tai sodaliitin viilent√§v√§t energiat""  Ote Anne Hietasen kirjasta Valon Voimaa (Unio Mystica) s.36.  mr e" 	 0.0007650458719581366
s24:ac0bc97e70e1073b1ec886c96e8f180b 	 not-obscene 	 Kyll√§ korpimaantaksissa haisee. Suosikaa muita. 	 0.18882891535758972
s24:9c3783b1369223d2f2ac4cf3abf6d2bc 	 obscene 	 "Tucs Facessa 3.11.14 ip:  ""Nyt t√§ytyy sanoa, ett√§ olen ihan kyps√§ median aikaiseen kiusaamiseen ja suoranaiseen valehteluun suhteeni!!!!  Hymy lehden/Alibin entinen p√§√§toimittaja Mika Lahtonen on itse ex-rikollinen joka on my√∂s istunut linnassa oikeasti toisin kuin min√§!!!!! H√§n my√∂s k√§ytti t√§ysin sairasta is√§√§ni t√§ysin hyv√§kseen haastatteluja kirjoittaessaan.  Hymy lehti pilasi minun 10v avoliiton, olisimme saaneet sen viel√§ kuntoon mieheni kanssa, mutta kyseinen lehti ja yksi narsisti toimittaja kusettivat mua t√§ysin, juttu on niin pitk√§ ett√§ se tulee omael√§m√§kertakirjaani!!!!  Nyt saamari soikoon, eik√∂ se YSN tai joku vastaava taho saa noille valeille jotain tolkkua????!!!!! Eik√∂ sit√§paitsi salaisten asiakirjojen julkaiseminen ole RIKOS????  Me n√§emme oikeudessa Hymy ja MIN√Ñ tulen olemaan asianomistajana siell√§!!!!! En todellakaan ole mik√§√§n ""rikollinen"", pas-kanmarjat, t√§√§ll√§ on kyll√§ vapaana useitakin sellaisia!""" 	 0.39158642292022705
s24:21f86d0b8d7ff4fbb5f220e65af012b1 	 not-obscene 	 viisumi viroon???  sattuuko kukaan tiet√§m√§√§n tarvitseeko suomalaisen oleskeluluvan omaavan algerian kansalainen viisumia menn√§kseen lomalle viroon? tarkoituksena olisi viett√§√§ muutma y√∂ tallinnassa ja viron suurl√§hetyst√∂n sivuilla kyseisen maan kansalaisilta vaaditaan viisumia, mutta jos henkil√∂ll√§ on jo suomessa oleskelulupa niin tarvitseeko viisumia???? 	 0.0015573188429698348
s24:da6039c388a260d1df90a58cf58e4bc5 	 obscene 	 valitettavasti on. Oppirahoja kukin on tavalla tai toisella joutunut makselemaan kaikki ei vaan sit√§ tunnusta tai tunnista.  Avokauppaa autoliikkeet vaan harvemmin harrastavat.Eli pid√§ t√§m√§ nyt hetken ja jos tulee mukavampi jostakin vastaan niin perutaan kauppa n√§ilt√§ osin.(Toki peruvat mutta se maksaa ne omat prosentit sitten).  Itse jos olen ostanut jotakin v√§h√§nkin arvokkaampaa niin olen yritt√§nyt lopettaa mainoksien seuraamisen, koska yleens√§ mun z√§k√§ll√§ hankkimani vaikka pesukone maksaa parin kuukauden p√§√§st√§ 50% v√§hemm√§n TARJOUKSESSA!  Noo ei h√§ti√§miti√§. Se mik√§ ei tapa niin se vahvistaa. Ja kun rahalla selvi√§√§ niin aina parempi.(Vituttaa aikansa mutta ei varmaankaan ole ylitsep√§√§sem√§tt√∂miss√§). Taas yht√§ el√§m√§nviisautta fiksumpana kohti uusia seikkailuja ja valloituksia! 	 0.29671066999435425
s24:b10cca2481580673d4688896b93025a9 	 not-obscene 	 Onko ihmisill√§ noin paha olo? Onko oma el√§m√§ noin kamalaa, ett√§ pit√§√§ purkaa omaa pahaa oloa haukkumalla muita? Tekeek√∂ se teist√§ parempia? Saatteko paremman olon? Sitten viel√§ p√§ivitell√§√§n, kun joku ampuu jossain jonkun.. Olemalla itse hyv√§ ja kannustamalla muita vied√§√§n t√§t√§ maata eteenp√§in. Olisi mielenkiintoista kuulla ammattilaisen mielipide siit√§, et millainen on henkinen tila ihmisell√§, joka kokee tarvetta nimitell√§ toisia. Itse en henk.koht. sellaista halua tehd√§, se vie omankin mielen alasp√§in. 	 0.013393756933510303
s24:602a9b4c4236351572bc6fb20f35eb4d 	 not-obscene 	 Uimataidoton on vedess√§ aika avuton, mutta uimataitoinen on vahvoilla. 	 0.0018771581817418337
s24:a8a74f7539dc21fd148d94bffc63410b 	 not-obscene 	 mielest√§ni se on se joka ulos pyyt√§√§, se maksaa.. tai vuorotellen! liian vanhanaikaista jos mies maksaa kaiken.. minusta antaisi naisesta tosi huonon kuvan.. 	 0.001136068836785853
s24:b0a19d3e7baded9ec641faaf3bd0077a 	 not-obscene 	 "Toimintaleffoista puheen ollen, katselepa Michael Bay/Ryan Reynolds -leffa ""6 underground"" netflix.com/se-en/title/81001887  ja laske montako leikkausta siin√§ on minuutissa..  Ja 1917:√§√§n palatakseni, brittien BAFTA-palkinnot meniv√§t p√§√§asiassa sille, eik√§ tuossa ole edes briteille kovin paljoa kotiinp√§in vet√§mist√§, koska Oscareista veikkaisin sille jopa 6-7 palkintoa, p√§√§asiassa kuitenkin teknisist√§ ansioista. Aiemmin puhuin Gallipolista, mutta uudelleen mietittyn√§ se on Birdman-The Revenant-Dunkirk -kombinaatio ja n√§illeh√§n muutama Oscari napsahti.  Elokuvana 1917 ei kuitenkaan ehk√§ kest√§ kovin montaa uusintakatselua, koska intensiivisyydenkin voi kokea vain kerran ja sitten aletaankin ennemmin tosiaan etsi√§ niit√§ kohtia, joissa leikkauksia on tehty ja elokuva muuttuu pelk√§n teknisen toteutuksen arvottamiseksi sen yhden, eritt√§in selke√§n filmin katkeamiskohtauksen lis√§ksi.  üìº" 	 0.0007494617602787912
s24:0a924b873ce2b1dbc3f30f2679c6cc7b 	 not-obscene 	 se, ett√§ n√§in ei voi vertailla hintoja. Keitti√∂ netin on hyv√§ laittaa hinnat n√§kyviin, koska se on halvimmasta p√§√§st√§. Esim. v√§litila valaisin maksaa keitti√∂ netiss√§ 21‚Ç¨ Domuksessa sama malli on 34‚Ç¨ 	 0.0007457606261596084
s24:78ff8704ecdff5b491db9878fe7de68a 	 not-obscene 	 L√∂ytyy esimerkiksi t√§mm√∂inen:  http://fi.wikipedia.org/wiki/Dreambox  Siihen voi valita 2 mieleist√§√§n viritint√§ (maaverkko/kaapeli/satellitti).  Ja valmistajan kotisivut: http://www.dream-multimedia-tv.de/  Ja hinnasta p√§√§tellen ei ole mik√§√§n k√∂yh√§n laite. Eik√§ my√∂sk√§√§n sovi aloittelijoille, jolla ei ole kokemusta Linuxista. Tietty tuo ominaisuus, ett√§ sen voi ajastaa netin kautta olisi aika n√§pp√§r√§.  PS: Helpompi ja halvempi ratkaisu olisi, ett√§ ostat kaksi boxia. 	 0.0007482596556656063
s24:848eb5e8b0173c1ff262b6459a63a285 	 not-obscene 	 Mielipiteit√§ on joka l√§ht√∂√∂n. Kiitos teille jotka yrit√§tte tukea ja kirjoitatte rakentavia juttuja. Tied√§n ett√§ luottamus on asia joka on hyvin vaikea saada takaisin, mutta en usko ett√§ se on mahdotonta. Olen itsekkin saanut luottamuksen takaisin pitk√§aikaiseen yst√§v√§√§ni joka kerran petti minut. L√∂ysin vikaa my√∂s itsest√§ni ja annoin anteeksi, vaikka helppoa se ei ollut. Jokatapauksessa l√§hden vaikka vuoden pituiseen pariterapiaan, jotta kumppanini voisi saada mielenrauhan asian suhteen. En halua ett√§ h√§n k√§rsii. Ja kun todellakin t√§m√§ on ainut asia joka suhdettamme hiert√§√§. Ja kaiken t√§m√§n tuskan j√§lkeen mit√§ olemme joutuneet k√§ym√§√§n l√§pi, voin sanoa etten pet√§ uudestaan. Tai jos pet√§n, niin silloin olen jo t√§ysin seonnut tai muuttunut joksikin muuksi ihmiseksi. Ja nyt olen t√§ysin uskollinen, enk√§ ole antanut aihetta mustasukkaisuuteen vaikka kumppanini sit√§ tietenkin on. Ja ymm√§rr√§n sen t√§ysin. 	 0.0007721941219642758
s24:11101e0a8f46ffd6604ad51d1651ea23 	 not-obscene 	 Voi ei. tulipa mieleen oma tilanteeni 25-vuotta sitten. Ymm√§rr√§n aloittajaa ja huomaan kuinka iso ja huolestuttava asia t√§m√§ teille on ja hyv√§ kun rohkenet kirjoittaa t√§nne. Minulle sanottiin aikanaan, ett√§ lapseni on liikaa kiinni √§idiss√§√§n ja kyll√§ minullekkin nimitys l√∂ytyi.  Lapseni oli 11kk:n ik√§inen, herrais√§ sent√§√§n tottakai h√§n oudoksui kaikkea ja itki syd√§nt√§s√§rkev√§sti. Surin vuosia miksi vein niin pienen vieraille, mutta t√∂ihin oli ment√§v√§. Onneksi isovanhemmat tukivat ja tein lyhennetty√§ ty√∂p√§iv√§√§. Ihmettelen vanhempia jotka tunkevat lapsensa muiden hoitoon ja ovat itse kotona.  Voimia ja tsemppi√§ pid√§ puolesi. Kuka sinun ja lapsesi puolia pit√§√§ jos et sin√§. 	 0.0012598687317222357
s24:acd8166005dc8f6ac9664922edd3536d 	 not-obscene 	 "... joku puhuu asiaa, ett√§ miss√§ menn√§√§n t√§n√§√§n nyky-yhteiskunnassa. On sananlasku ""Kaiken pahan alku ja juuri on raha"" ei silti pid√§ paikkaansa. Jos sananlaskuun lis√§t√§√§n ""...jos ihminen on k√∂yh√§ hengellisess√§ mieless√§"", niin sitten se pit√§√§ paikkansa. Rahan valta syrj√§ytt√§√§ siten t√§rke√§mm√§t asiat. Kuka alkaisi 'hengelliseksi patriootiksi'? Vapaaehtoisia? Min√§ en ainakaan pysty t√§ll√§hetkell√§, koska tarvitsen euroja tekemiseen ja el√§miseen." 	 0.000756461697164923
s24:d9788b1aea19facd9de578736363f9cb 	 not-obscene 	 ja kirjoittamiasi viestej√§ on pilvin pimein;))))))))))) 	 0.0009003389859572053
s24:5737b2f2a5754d6e53175f78d42e59b1 	 not-obscene 	 Register√∂itymisist√∂m√§tt√∂mist√§ nimimerkeist√§ puheen ollenYritin itse register√∂id√§ silloisen nimimerkkini monta vuotta sitten, Suomen rajojen ulkopuolella asuvana, mutta se stoppasi aina antamaani puhelinnumeroon. Voiko nykyisin ulkosuomalainenkin registter√∂id√§ nimimerkkins√§ ja miten? 	 0.0007480037165805697
s24:6bd00a91d3384b374602f8f649eadda2 	 not-obscene 	 Suomenojan venesatamassa on minusta nyt korrputio ja yhden yritt√§j√§n p√§√§h√§npotkiminen mennyt liian pitk√§lle. En voi ymm√§rt√§√§, miksi samat rikoksen ep√§ilyn alla olevat tyypit saavat jatkaa virassaan ja jatkaa kaunpungin rahoilla harrastettavaa yritt√§j√§n kiusaamista.  Koko sakki olisi pit√§nyt laittaa sivuun samoin tein, muihin teht√§viin siksi aikaa, kun homma on saatu selvitetty√§. Viimeiaikaiset uutiset vaan kertovat sen, ett√§ sama ylimielinen vallan huuma vaan jatkaa kihelm√∂imist√§√§n.  Minusta asiasta kannattaa laittaa reippaasti palautetta kaupungille. Onhan niiden johnkin toimiin ryhdytt√§v√§. 	 0.0015056910924613476
s24:d37d439cccdc2e4b75098a085b597a4a 	 not-obscene 	 olet v√§√§r√§ss√§. min√§ n√§en kannabiksessa paljon positiivista mutta kannabiksen viihdek√§ytt√§jiss√§ en n√§e mit√§√§n positiivista siin√§ olet oikeasssa 	 0.0023733905982226133
s24:581461c1c0c1ba996dadfc20ad1a0584 	 not-obscene 	 menit itsekin !  BUAHAHAAAA 	 0.002808794379234314
s24:d86c6c99fc38edb7f78ef8441b813eac 	 not-obscene 	 nyt on selittelyn makua. 	 0.0008006914285942912
s24:c8f959a3d5a720b5296dc7f0899428af 	 not-obscene 	 otat vaan sen espanjan kurssin kirjan esiin, kysyt opettajalta, mill√§ teht√§vill√§ p√§√§see kokeeseen, teet kokeen ja that's it. Kielen ihminen kerran opeteltuaan osaa ainakin jollakin muulla kuin hyl√§tyn tasolla ja mietipp√§ ku ei tartte muistella ja lukea ku yhteen kokeeseen en√§√§, niin homma on siin√§. :) Ja aika omituinen lukio jos ei et√§n√§ voi kurssia suorittaa t√§m√§n kev√§√§n aikana? Eik√∂ se nuoremmillakin 1. ja 2. vuoden opiskelijoilla pit√§s viel√§ koeviikko olla edess√§? Tsemppi√§! 	 0.000990969012491405
s24:93dbf479467b46638b541e380c91b6db 	 not-obscene 	 En v√§it√§ mit√§√§n, enk√§ tied√§ muuta kuin ett√§ omassani on.  Joo saattaa olla niin harvinaista ett√§ ehk√§ sinun(kin) on parempi odotella rauhassa vuokralla ja ostaa piakkoin -70%hinnalla sellainen jossa l√∂ytyy. 	 0.001173604279756546
s24:fe578cf7e7502642ba3baf2ca103486c 	 not-obscene 	 "Tulihan se ongelman ydin vihdoin esiin t√§ss√§ viestiss√§: pelkk√§ sana ""n√∂yristell√§"" kertoo enemm√§n kuin mik√§√§n muu. Nettifennolla on ikuinen alemmuudentunto suhteessa Ruotsiin, suomenruotsalaisiin ja ruotsiin kieleen, ja t√§m√§ on se asia, joka erottaa keskivertosuomalaisen nettifennosta." 	 0.0008253294508904219
s24:f4383e102247bb5a1e3640adba78f582 	 not-obscene 	 Hei  Laitappa paljon hyvi√§ kuvia tulemaan s√§hk√∂postilla aki-68@luukku.com. 	 0.0007588663138449192
s24:883c326e804a415e6aa751a80acea4a6 	 not-obscene 	 Joku poika ilmeisesti yritti jotakin kirjoittaa, mutta poikien uhot poistetaan, samalla lailla kun j√§√§kiekkojoukkue, huonot pois. 	 0.003423849120736122
s24:b5bf94321ba6bc321d7c2f73aa61825e 	 not-obscene 	 jos ei sitten kiinalaiset keksi viel√§ jotain. Niill√§ varmaan mattarit maksaa v√§hemm√§n ku meill√§ herneet niin saadaan hajun lis√§ksi my√∂s √§√§ni 	 0.0019426848739385605
s24:4a0ae10fe05d8613c7a345617c57c365 	 not-obscene 	 Itselleni vieraan kielen sanojen muistaminen on aika hankalaa suomesta vieraaseen kieleen p√§in, mutta vieraasta kielest√§ suomeen se on yleens√§ tosi helppoa. Nasse on todella hyv√§ √§√§nt√§m√§√§n eri kieli√§ ja tunnistamaan hankalia √§√§nteit√§. 	 0.000757753208745271
s24:f5b133903c9e9459587db6e417644263 	 not-obscene 	 ilmaista kohteliaasti sivistyksesi tason:) Mill√§s meinaat, ett√§ puskasta kirjoittaja saisit kaipaamasi rauhan? Ehk√§ lopettamalla palstailun?.Mulla ei ole aikomustakaan lopettaa, saati sivisty√§. M√§√§ vaan kirjoitan:) 	 0.060030147433280945
s24:ead5b0cf538f17357ed9d8d018a10d0e 	 not-obscene 	 eduskunnan vuosi menot jo noin 50milj niin tehostamis toimenpiteen olisi t√§t√§ p√§iv√§√§. 	 0.0008613027166575193
