s24:bfa2877e5554e7400e808581f470a43b 	 not-threat 	 Saas n√§hd√§ kauanko saavat tappaa meit√§ v√§√§r√§uskoisia eurooppalaisia koiria, kunnes her√§tys tapahtuu. 	 0.12949438393115997
s24:0bf9c2c5322a922866ff4eb4baf5ccf2 	 not-threat 	 Ottaisit kovaa kiinni ranteista, painaisit mut allesi liikkumattomaksi, levitt√§isit polvillasi mun jalkani, purisit mua kaulasta niin ett√§ multa melkein loppuis happi... Voi m√§ haluisin sua niin kovasti... Ja sitten s√§.. 	 0.03647530823945999
s24:48768de1c3a0e5979c32d6a1b41b1918 	 not-threat 	 En ole sanonut ket√§√§n pedofiiliksi enk√§ resuperseeksi.  Kusip√§iksi ja maijoiksi kutsun jokaista t√§lle palstalle hutsuttelevaa ja mielisairaalatasoista teksti√§ kirjoittavia, kuten my√∂s uhkailijoita.  Sinua t√§ll√§ perusteella kutsun kusip√§√§ksi ja maijaksi, t√§sm√§lleen samalla oikeudella kuin te Pattayan rakkaat kusip√§√§t olette p√§√§tynyt kutsumaan minua varsin monella nimell√§ ja huorittelemaan vaimoani.  Revi siit√§ üêí ja kuole tavallas. 	 0.019153011962771416
s24:ca3a2df33f156f8f5a8c99c8df19a750 	 threat 	 min√§ raiskaan sinut arpalahti siin√§ on perseeseen vedon tahti ota suunnaksi olli arpalahti huhuhuhuhuhu v√§√§√§√§√§√§√§√§k iiiiiiiiiiik 	 0.9875463843345642
s24:ca3a2df33f156f8f5a8c99c8df19a750 	 threat 	 min√§ raiskaan sinut arpalahti siin√§ on perseeseen vedon tahti ota suunnaksi olli arpalahti huhuhuhuhuhu v√§√§√§√§√§√§√§√§k iiiiiiiiiiik 	 0.9875463843345642
s24:b5cb0bc1f2c0fd25946ecf098d1abf54 	 threat 	 Saatanan arpalahti t√§m√§kin on sun syyt√§ perkeleen akentti moven lahtari hotun vimo runkkari karirun pomppeli homppeli hyi mut ai elin t√§nne niin nylkyt√§n sut henkilt√§ 	 0.35009849071502686
s24:574314596c8df634a0a9101b3d90b341 	 not-threat 	 M√§ tied√§n miten ne saa laitat bensaa niihi tarroihi sitte sytyt√§t ja laitat bensatankkiin tulitikun nii sitte ne l√§htee ja siin samal s√§ kuolet 	 0.987382709980011
s24:77c45e3be4e45f9bebe38f9a3fb80b1e 	 not-threat 	 tekis mieli tappaa hanhet ku ne paskoo p√§√§lle  L√§hteek√∂ niilt√§ henki pienoiskiv√§√§rill√§ vai tartteeko tehokkaampaa tykki√§? Kokemuksia? 	 0.9128755927085876
s24:b4f441c2edf24c85d00d4b527fa6d560 	 not-threat 	 Miksi haluat tappaa lapsesi. 	 0.9948242902755737
s24:0059c1bb7458570a8edc945334d41c52 	 not-threat 	 "sin√§ saat turpiin ""edustamsi perhev√§kivallan"" takia, niin ehk√§ tajuat, miss√§ on menty mets√§√§n." 	 0.004648497793823481
s24:539cefa39781b033bd057053354ab50b 	 not-threat 	 Juu ostan ranskikset jatkossa muualta tai n√§√§nnyn n√§lk√§√§n 	 0.0006030644290149212
s24:f3892c0542909e1fbe52d8bacb7b2690 	 not-threat 	 oisit ly√∂ny itsellesi sen veiten kitusiisi senkin matu!!!! (kirjoituksesi paljastaa sinut: vuotiaasta pojalta) 	 0.0882498249411583
s24:b8e991a087be7ac10da9a344929dbe64 	 not-threat 	 kuolla eik√§ runkata. 	 0.9447957277297974
s24:1b4471747a9ee2a62b9c3a7ff569e8d8 	 not-threat 	 Tee itselles vaikka hirttok√∂ysi! 	 0.00025399771402589977
s24:a47a59a07763ae4e0bd7c81e7c51bdc7 	 threat 	 ATM:√§t luulevat ett√§ maahanmuutto on ongelma  Paljon pahempi ongelma on se hiljainen sota, jossa top 5% nussii kaikki naiset ja 95% miehist√§ runkkailee! Syntyvyys alenee jne! 50 vuoden p√§√§st√§ suomen v√§est√∂ on kuollut!  Eik√§ ulkomaalaisia ole haitoille asti kuin Helsingin rautatieasemalla. Tyhm√§t rasistit luulevat sitten ett√§ ulkomaalaisv√§est√∂n tiheys on sama koko suomessa. Ei ole tyhmemp√§√§ kuin rasisti! Kuolema rasisteille! 	 0.4020998179912567
s24:ec1ecc50cc5b0e22a0df887ca3aa3458 	 not-threat 	 s√§ kuolet tyyppi,mieti sit√§,ja runkkaa ittes uneen, 	 0.9944106936454773
s24:3a900e6a5fb56eb82f0cd284e0672472 	 threat 	 Tekij√§ pit√§isi tappaa n√§lk√§√§n torilla lasipurkissa 	 0.9336244463920593
s24:31f682d09916ba2c1f28cb39d4897704 	 not-threat 	 Toivottavasti likka raiskataan tuhat kertaa ja lopuksi mestataan allahin nimeen.  Ehk√§ muut suomihorot oppisivat silloin jotain. 	 0.9360547065734863
s24:ce3fdacb8303402b8fba3a14d1ae4cae 	 not-threat 	 Tuollaiset limaiset t√§tinaiset pit√§isi vied√§ linnaan! Kuolaavat nuorten poikien per√§√§n kun eiv√§t oman ik√§ist√§√§n saa! 	 0.06369279325008392
s24:8ce878662bfc80a4ffc195e92798af84 	 not-threat 	 Tumps tumps, aivot halki ja kuolee aivoverivuotoon. 	 0.9968228340148926
s24:3adbb2db7653b5906a69a5eb457bb236 	 threat 	 Voi prkle kun p√§√§sisi kuristamaan Putinin √§p√§r√§n kuoliaaksi ja paloittelelmaan tuon apinan ven√§l√§isten sy√∂t√§v√§ksi. 	 0.9972829818725586
s24:f79f858f183194617ca7838a3f5ebd04 	 not-threat 	 ..maksa r√§j√§ht√§√§ ja kuolet heti tai ainakin nuorena kuolet jos sille tielle meet jos ottaa liikaa 	 0.998868465423584
s24:9103098bb20239e3817f9ab4d789dcf3 	 not-threat 	 Trump tulee ja tappaa. 	 0.9918249249458313
s24:3575137ebea4983b4c327c120f9ded28 	 not-threat 	 Ei t√§t√§ el√§m√§√§ voi ymm√§rt√§√§. Luulin ett√§ teini-i√§n j√§lkeen helpottaisi, mutta paskat. El√§m√§ on loputonta ihmettely√§, kuka panee ket√§ ja miten muut tekev√§t sen. Ruokaa, juomaa, kuntoilua, rupsahdat ja kuolet. 	 0.030613956972956657
s24:20f2c95c52bd4817d11e5b3927f0cbf5 	 threat 	 Helsinginpoliisin tuomio  Joko helsingin suvakkipoliisi on mennyt matuleirille kukkien kanssa kahville? vitun paskat! ajan saatana teid√§n haalaripellejen p√§√§lle kun osutte kohdalle ja ammun!.siit√§ voitte olla varmoja!supolle samat sanat,nimenne ovat tiedossa,kuten muidenkin suvakkihuorien. 	 0.042292721569538116
s24:36a123cbaa5b376bfe3a59b621c37a6e 	 threat 	 Sin√§ t√§ss√§ hullu olet kun kirjottelet tollasta. Sairasta sanoa mit√§√§n tollasta. Ei me kaikki bipot niin sekaisin olla etteik√∂ meill√§ ois oikeus saada lapsia. Sunlainen ihmisryhm√§ pit√§is h√§vitt√§√§ maapallolta. 	 0.12064553052186966
s24:0cfa4e361439fd36db1f613ba3355f0d 	 threat 	 tapetaan kaikki muslimi homot:) 	 0.8711146712303162
s24:52f62e81d379937e241b6c2dac945367 	 not-threat 	 L√§√§k√§ri pelastaa sut kuolemalta parhaassa tapuksessa vai haluatko menn√§ kuolemaan tukimaillesi ett√§ kukaan tarkistaa mik√§ vaivaa? 	 0.9769777059555054
s24:d887a678a527de7e8204c0170500bde5 	 not-threat 	 ...sinulle hyv√§√§ seuraa. Sy√∂v√§n saat ja sairastut. Halosta on j√§ljell√§ viel√§ moniksi vuosiksi ja sitten saamma virkaan uuden demarin. 	 0.02345886081457138
s24:09e6ff4ed2891a64005830d6ca7c829c 	 not-threat 	 Se joka pi√§rem√§tt√§ kusoo, se naimatta kuoloo. 	 0.9963726997375488
s24:ba979baa641ceafdaf6c8597d532b1cb 	 not-threat 	 Onneksi kuolen sy√∂p√§√§ni ennenkuin islamistit p√§tk√§isee kaulan. Jotain positiivista... 	 0.9293924570083618
s24:9bb89de2cc8f095e6e251c3f2bf0b2b2 	 threat 	 Jaa-a. Enp√§ taida viitsi√§ kipaista kysym√§ss√§ paikalliselta imaamilta mit√§√§n. Imaami varmaan mielell√§√§n repisi v√§√§r√§uskoiselta apinalta p√§√§n irti, siihen en tarjoa mahdollisuutta.  Siin√§ vaiheessa kun Suomi k√§y muslimien kanssa sotaa omassa maassamme...ammun paikallisen imaamin aivot tohjoksi ja leikkaan silt√§ kyrv√§n irti ennen sit√§. Kyrv√§n paistan sapuskaksi katukoirille. Paikallisen imaamin j√§t√§n m√§t√§nem√§√§n kadulle. 	 0.45320093631744385
s24:8e7c173c541f4eee031f209ed380c98c 	 threat 	 ampua ittes, senkin homppeli! ja sanos, kuinka pystyit harrastaan seksi√§ ilman, ett√§ sulla ees seiso? 	 0.9555594325065613
s24:a5687a4b56819e567e3b68751209647e 	 not-threat 	 √Ñl√§ tapa v√§√§r√§uskoista. 	 0.00039211937109939754
s24:810e07f5b6d71eb64757bdaaef603818 	 not-threat 	 √Ñly hoi. Eiv√§t kaikki 15-60 vuotiaat miehet halua sotia. Sin√§ siis kannatat, ett√§ kaikki tuon ik√§iset miehet pit√§isi teloittaa varmuuden vuoksi. Natsi. 	 0.7710890173912048
s24:810e07f5b6d71eb64757bdaaef603818 	 not-threat 	 √Ñly hoi. Eiv√§t kaikki 15-60 vuotiaat miehet halua sotia. Sin√§ siis kannatat, ett√§ kaikki tuon ik√§iset miehet pit√§isi teloittaa varmuuden vuoksi. Natsi. 	 0.7710890173912048
s24:ca7a57ebb6d49ffe799708638a04524c 	 not-threat 	 voi vittu!!!!!!!!!!! kuolen kohta vitutukseen  HYV√ÑSTI 	 0.9625928997993469
s24:723c2f7529789079f5e79aa16b0c1b19 	 not-threat 	 Hyv√§! Jatka naisia karkoittavaa naisvihaa ja surkuhupaisaa narsistista perseily√§si. On parempi ettei kukaan nainen l√§hesty sinua, joutuisi varmaan raiskatuksi ja pahoinpidellyksi. Samaa suosittelen muillekin ATM:ille. 	 0.02869390696287155
s24:d10434a80f0698607080216581e0bb8f 	 threat 	 Hyi vittu ett√§ oot ruma, ammu vaikka ittes. 	 0.04284223914146423
s24:c46ab661506bba07ca201daa00119a18 	 threat 	 H√∂rh√∂t hei!!  Lappeenrantaan sit√§ karhua perskavoihin.. Tai eih√§n teist√§ vitun hampaattomista oo edes siihenk√§√§n !! Min√§ lataan kiv√§√§rini ja ammun jos kohalle sattuu !! 	 0.6553263068199158
s24:4748b88499d54d51df250e1915276650 	 not-threat 	 HETI! jos sulla on vuotava mahahaava, siihen kuolee todella nopeesti.  joten suosittelen l√§√§k√§ri√§. 	 0.5364837050437927
